participantName,userOpenid,candidate_rank,item_id,questionIndex,item_title,scenarioText,optionA,optionB,optionC,optionD,P_IVI,F_score,M_score,B_score,O_score,interruption_flag,main_process_trigger,process_labels,priorityOption,priorityPair,priorityOptionText,priorityPairText,suggested_interview_focus,time_correction_note
教师01,sim_openid_001_867882,1,Q6,6,材料选择无层次,大班上学期，张老师在建构区投放了按图搭建的游戏材料，并提供了不同星级难度的任务卡供幼儿选择，但有的幼儿一上来就选择高难度的三星级任务卡，结果不能顺利完成任务；而有的幼儿始终选择低难度的一星级任务卡。这天，浩浩又连续选择了几张一星级任务卡，很快就完成了任务。,调整任务卡提供方式，在游戏开始前根据幼儿的能力水平有针对性地发放任务卡。,暂不介入，尊重幼儿的自主选择和游戏体验，只要完成任务就是一种经验积累。,调整任务卡呈现方式，如增加“我想挑战”等提示，鼓励幼儿选择不同星级的挑战。,和浩浩回顾已完成的任务，比较不同星级的难度，邀请他选择稍有挑战的任务。,67.755556,71.111111,43.333333,100.0,36.888889,0,首末位摇摆,首反应异常；多次调整；首末位摇摆；优劣方向冲突,A,B/C,教师A：调整任务卡提供方式，在游戏开始前根据幼儿的能力水平有针对性地发放任务卡。,教师B：暂不介入，尊重幼儿的自主选择和游戏体验，只要完成任务就是一种经验积累。；教师C：调整任务卡呈现方式，如增加“我想挑战”等提示，鼓励幼儿选择不同星级的挑战。,请教师回忆读到情境后最先注意到什么、是否很快形成判断或感到难判断；追问最理想或最不理想做法的判断为什么发生变化；追问是否曾把某做法从合适改判为不合适，或相反,未进行时间剔除
教师01,sim_openid_001_867882,2,Q2,2,频繁求助,中班区域活动时，小明选择了建构区。玩了一会儿，他跑到老师面前说“老师，我不会搭……帮帮我吧”，教师问他需要什么帮助时，他一边说我不会搭，一边却很快地将房子从一层积木加高到了两层。看小明专注搭建后，老师就离开建构区了。可是没一会，小明又找了老师好几次，说“老师，帮帮我吧，我不会搭”。,鼓励小明独立搭建，引导他思考接下来如何搭建，及时表扬他的努力。,先示范搭建关键部分，请小明观察方法，再鼓励他照着继续搭建。,在旁观察小明的搭建过程，并适时反馈，帮助他理清搭建步骤。,帮小明回顾已搭建完成的部分，指导他设定小目标，尝试自己实现。,64.083333,42.5,59.166667,80.0,65.555556,0,首末位摇摆,多次调整；首末位摇摆；路径振荡,B,A/C,教师B：先示范搭建关键部分，请小明观察方法，再鼓励他照着继续搭建。,教师A：鼓励小明独立搭建，引导他思考接下来如何搭建，及时表扬他的努力。；教师C：在旁观察小明的搭建过程，并适时反馈，帮助他理清搭建步骤。,追问最理想或最不理想做法的判断为什么发生变化；追问当时是否在几个判断标准之间反复权衡,未进行时间剔除
教师02,sim_openid_002_963914,1,Q1,1,篮球架玩水,操场上新安装了一些篮球架，幼儿经常在这里投篮。某天户外活动时，几名幼儿带着画笔和水桶来到这里，他们先是快乐地粉刷篮球架，之后开始往篮框里灌水，有的从上面灌，有的在下面接，忙的不亦乐乎，俨然这里成为了玩水的场地。,看到幼儿玩得很开心，不干预他们的玩水行为，待兴趣减弱后再讨论玩水的适宜性。,表扬幼儿的新发现，并询问在篮球架旁玩水是否合适，提议幼儿可以换个地方玩水。,参与到幼儿的“粉刷”游戏中，逐步引导幼儿到适宜玩水的地方继续开展游戏。,提醒幼儿篮球架是用于开展运动的，与其他幼儿一起召唤他们打篮球，转移他们的关注点。,86.596341,73.170732,87.318428,100.0,71.777778,0,首末位摇摆,首反应异常；高修正投入；多次调整；首末位摇摆；优劣方向冲突；路径振荡,B,B/C,教师B：表扬幼儿的新发现，并询问在篮球架旁玩水是否合适，提议幼儿可以换个地方玩水。,教师B：表扬幼儿的新发现，并询问在篮球架旁玩水是否合适，提议幼儿可以换个地方玩水。；教师C：参与到幼儿的“粉刷”游戏中，逐步引导幼儿到适宜玩水的地方继续开展游戏。,请教师回忆读到情境后最先注意到什么、是否很快形成判断或感到难判断；追问后续主要在比较哪些做法、为什么调整；追问最理想或最不理想做法的判断为什么发生变化；追问是否曾把某做法从合适改判为不合适，或相反；追问当时是否在几个判断标准之间反复权衡,未进行时间剔除
教师02,sim_openid_002_963914,2,Q9,9,飞行棋各走各的,大班区域游戏中，轩轩和小宇一起玩飞行棋，他们将棋子摆好后，各自拿了一个骰子开始投，小宇说：“该我走。”轩轩说：“明明该我走！”相持不下，于是两人各拿一个骰子，自顾自地走自己的棋。,耐心讲解共同游戏的规则，再以“棋手”身份加入游戏进行示范引导。,暂不介入，继续观察游戏进展，待区域小结时请幼儿分享游戏中的体验和问题。,拿走一个骰子，请幼儿商量只有一个骰子的共同游戏规则，达成一致后再开始游戏。,待幼儿体验一轮各走各的游戏后，询问幼儿的游戏体验，提示共同游戏规则的作用。,82.820543,41.860465,94.217054,100.0,74.555556,0,首末位摇摆,高修正投入；多次调整；首末位摇摆；优劣方向冲突；路径振荡,C,A/B,教师C：拿走一个骰子，请幼儿商量只有一个骰子的共同游戏规则，达成一致后再开始游戏。,教师A：耐心讲解共同游戏的规则，再以“棋手”身份加入游戏进行示范引导。；教师B：暂不介入，继续观察游戏进展，待区域小结时请幼儿分享游戏中的体验和问题。,追问后续主要在比较哪些做法、为什么调整；追问最理想或最不理想做法的判断为什么发生变化；追问是否曾把某做法从合适改判为不合适，或相反；追问当时是否在几个判断标准之间反复权衡,未进行时间剔除
教师03,sim_openid_003_147733,1,Q4,4,未参与小组建构,大班建构活动中，睿睿和其他幼儿计划一起搭积木大桥，他们讨论了搭建方法，并进入区域开始搭建。就在其他幼儿在认真搭建时，睿睿发现了一块长条木板，他一会儿在地上推着走，一会儿当枪使，没有再参与小组的搭建。,继续观察，后续分享中支持睿睿思考如何把长条木板融入小组的建构中。,肯定睿睿的创造性玩法，询问他长条板能否当桥面，引导他参与到搭桥任务中。,引导睿睿回顾计划，建议他先完成共同任务，长条木板可以等自由游戏时再玩。,看到睿睿玩得开心，暂不介入，等下一次活动时再提醒他根据计划开展游戏。,79.583333,53.333333,76.666667,100.0,72.777778,0,首末位摇摆,高修正投入；多次调整；首末位摇摆；优劣方向冲突；路径振荡,A,A/B,教师A：继续观察，后续分享中支持睿睿思考如何把长条木板融入小组的建构中。,教师A：继续观察，后续分享中支持睿睿思考如何把长条木板融入小组的建构中。；教师B：肯定睿睿的创造性玩法，询问他长条板能否当桥面，引导他参与到搭桥任务中。,追问后续主要在比较哪些做法、为什么调整；追问最理想或最不理想做法的判断为什么发生变化；追问是否曾把某做法从合适改判为不合适，或相反；追问当时是否在几个判断标准之间反复权衡,未进行时间剔除
教师03,sim_openid_003_147733,2,Q6,6,材料选择无层次,大班上学期，张老师在建构区投放了按图搭建的游戏材料，并提供了不同星级难度的任务卡供幼儿选择，但有的幼儿一上来就选择高难度的三星级任务卡，结果不能顺利完成任务；而有的幼儿始终选择低难度的一星级任务卡。这天，浩浩又连续选择了几张一星级任务卡，很快就完成了任务。,调整任务卡提供方式，在游戏开始前根据幼儿的能力水平有针对性地发放任务卡。,暂不介入，尊重幼儿的自主选择和游戏体验，只要完成任务就是一种经验积累。,调整任务卡呈现方式，如增加“我想挑战”等提示，鼓励幼儿选择不同星级的挑战。,和浩浩回顾已完成的任务，比较不同星级的难度，邀请他选择稍有挑战的任务。,77.511111,75.555556,69.555556,100.0,43.555556,0,首末位摇摆,首反应异常；高修正投入；多次调整；首末位摇摆；优劣方向冲突,D,A/B,教师D：和浩浩回顾已完成的任务，比较不同星级的难度，邀请他选择稍有挑战的任务。,教师A：调整任务卡提供方式，在游戏开始前根据幼儿的能力水平有针对性地发放任务卡。；教师B：暂不介入，尊重幼儿的自主选择和游戏体验，只要完成任务就是一种经验积累。,请教师回忆读到情境后最先注意到什么、是否很快形成判断或感到难判断；追问后续主要在比较哪些做法、为什么调整；追问最理想或最不理想做法的判断为什么发生变化；追问是否曾把某做法从合适改判为不合适，或相反,未进行时间剔除
教师04,sim_openid_004_774211,1,Q4,4,未参与小组建构,大班建构活动中，睿睿和其他幼儿计划一起搭积木大桥，他们讨论了搭建方法，并进入区域开始搭建。就在其他幼儿在认真搭建时，睿睿发现了一块长条木板，他一会儿在地上推着走，一会儿当枪使，没有再参与小组的搭建。,继续观察，后续分享中支持睿睿思考如何把长条木板融入小组的建构中。,肯定睿睿的创造性玩法，询问他长条板能否当桥面，引导他参与到搭桥任务中。,引导睿睿回顾计划，建议他先完成共同任务，长条木板可以等自由游戏时再玩。,看到睿睿玩得开心，暂不介入，等下一次活动时再提醒他根据计划开展游戏。,81.866667,53.333333,85.777778,100.0,69.777778,0,首末位摇摆,高修正投入；多次调整；首末位摇摆；优劣方向冲突；路径振荡,C,C/D,教师C：引导睿睿回顾计划，建议他先完成共同任务，长条木板可以等自由游戏时再玩。,教师C：引导睿睿回顾计划，建议他先完成共同任务，长条木板可以等自由游戏时再玩。；教师D：看到睿睿玩得开心，暂不介入，等下一次活动时再提醒他根据计划开展游戏。,追问后续主要在比较哪些做法、为什么调整；追问最理想或最不理想做法的判断为什么发生变化；追问是否曾把某做法从合适改判为不合适，或相反；追问当时是否在几个判断标准之间反复权衡,未进行时间剔除
教师04,sim_openid_004_774211,2,Q8,8,引水难题未解,中班上学期，幼儿在“引水游戏”中遇到了难题——水无法被引到竹片管道上。他们不断调整竹片拼接的方式，却始终没能成功，即竹片一头高于出水管道，阻碍了引流。渐渐地幼儿的探索兴趣也减弱了，有的开始玩水，有的甚至离开了水池。,示范正确的引水方法，请幼儿注意观察并说说引水的要领，再自己试一试。,加入幼儿的探索，引导他们观察水流受阻的位置，一起尝试调整竹片的摆放方式。,组织幼儿就游戏困难进行讨论，寻找解决问题的方案，引导幼儿再次尝试。,投放更多辅助引水的材料，重新激起幼儿的探索兴趣，继续观察游戏进展。,78.99186,74.418605,74.527132,100.0,45.0,0,首末位摇摆,首反应异常；高修正投入；多次调整；首末位摇摆；优劣方向冲突,D,B/C,教师D：投放更多辅助引水的材料，重新激起幼儿的探索兴趣，继续观察游戏进展。,教师B：加入幼儿的探索，引导他们观察水流受阻的位置，一起尝试调整竹片的摆放方式。；教师C：组织幼儿就游戏困难进行讨论，寻找解决问题的方案，引导幼儿再次尝试。,请教师回忆读到情境后最先注意到什么、是否很快形成判断或感到难判断；追问后续主要在比较哪些做法、为什么调整；追问最理想或最不理想做法的判断为什么发生变化；追问是否曾把某做法从合适改判为不合适，或相反,未进行时间剔除
教师05,sim_openid_005_597917,1,Q9,9,飞行棋各走各的,大班区域游戏中，轩轩和小宇一起玩飞行棋，他们将棋子摆好后，各自拿了一个骰子开始投，小宇说：“该我走。”轩轩说：“明明该我走！”相持不下，于是两人各拿一个骰子，自顾自地走自己的棋。,耐心讲解共同游戏的规则，再以“棋手”身份加入游戏进行示范引导。,暂不介入，继续观察游戏进展，待区域小结时请幼儿分享游戏中的体验和问题。,拿走一个骰子，请幼儿商量只有一个骰子的共同游戏规则，达成一致后再开始游戏。,待幼儿体验一轮各走各的游戏后，询问幼儿的游戏体验，提示共同游戏规则的作用。,89.296124,79.069767,89.162791,100.0,78.222222,0,首末位摇摆,首反应异常；高修正投入；多次调整；首末位摇摆；优劣方向冲突；路径振荡,B,B/C,教师B：暂不介入，继续观察游戏进展，待区域小结时请幼儿分享游戏中的体验和问题。,教师B：暂不介入，继续观察游戏进展，待区域小结时请幼儿分享游戏中的体验和问题。；教师C：拿走一个骰子，请幼儿商量只有一个骰子的共同游戏规则，达成一致后再开始游戏。,请教师回忆读到情境后最先注意到什么、是否很快形成判断或感到难判断；追问后续主要在比较哪些做法、为什么调整；追问最理想或最不理想做法的判断为什么发生变化；追问是否曾把某做法从合适改判为不合适，或相反；追问当时是否在几个判断标准之间反复权衡,未进行时间剔除
教师05,sim_openid_005_597917,2,Q8,8,引水难题未解,中班上学期，幼儿在“引水游戏”中遇到了难题——水无法被引到竹片管道上。他们不断调整竹片拼接的方式，却始终没能成功，即竹片一头高于出水管道，阻碍了引流。渐渐地幼儿的探索兴趣也减弱了，有的开始玩水，有的甚至离开了水池。,示范正确的引水方法，请幼儿注意观察并说说引水的要领，再自己试一试。,加入幼儿的探索，引导他们观察水流受阻的位置，一起尝试调整竹片的摆放方式。,组织幼儿就游戏困难进行讨论，寻找解决问题的方案，引导幼儿再次尝试。,投放更多辅助引水的材料，重新激起幼儿的探索兴趣，继续观察游戏进展。,79.822481,51.162791,78.077519,100.0,74.444444,0,首末位摇摆,高修正投入；多次调整；首末位摇摆；优劣方向冲突；路径振荡,C,A/B,教师C：组织幼儿就游戏困难进行讨论，寻找解决问题的方案，引导幼儿再次尝试。,教师A：示范正确的引水方法，请幼儿注意观察并说说引水的要领，再自己试一试。；教师B：加入幼儿的探索，引导他们观察水流受阻的位置，一起尝试调整竹片的摆放方式。,追问后续主要在比较哪些做法、为什么调整；追问最理想或最不理想做法的判断为什么发生变化；追问是否曾把某做法从合适改判为不合适，或相反；追问当时是否在几个判断标准之间反复权衡,未进行时间剔除
教师06,sim_openid_006_270790,1,Q2,2,频繁求助,中班区域活动时，小明选择了建构区。玩了一会儿，他跑到老师面前说“老师，我不会搭……帮帮我吧”，教师问他需要什么帮助时，他一边说我不会搭，一边却很快地将房子从一层积木加高到了两层。看小明专注搭建后，老师就离开建构区了。可是没一会，小明又找了老师好几次，说“老师，帮帮我吧，我不会搭”。,鼓励小明独立搭建，引导他思考接下来如何搭建，及时表扬他的努力。,先示范搭建关键部分，请小明观察方法，再鼓励他照着继续搭建。,在旁观察小明的搭建过程，并适时反馈，帮助他理清搭建步骤。,帮小明回顾已搭建完成的部分，指导他设定小目标，尝试自己实现。,58.166667,57.5,23.833333,100.0,30.111111,0,首末位摇摆,多次调整；首末位摇摆；优劣方向冲突,D,A/C,教师D：帮小明回顾已搭建完成的部分，指导他设定小目标，尝试自己实现。,教师A：鼓励小明独立搭建，引导他思考接下来如何搭建，及时表扬他的努力。；教师C：在旁观察小明的搭建过程，并适时反馈，帮助他理清搭建步骤。,追问最理想或最不理想做法的判断为什么发生变化；追问是否曾把某做法从合适改判为不合适，或相反,未进行时间剔除
教师06,sim_openid_006_270790,2,Q8,8,引水难题未解,中班上学期，幼儿在“引水游戏”中遇到了难题——水无法被引到竹片管道上。他们不断调整竹片拼接的方式，却始终没能成功，即竹片一头高于出水管道，阻碍了引流。渐渐地幼儿的探索兴趣也减弱了，有的开始玩水，有的甚至离开了水池。,示范正确的引水方法，请幼儿注意观察并说说引水的要领，再自己试一试。,加入幼儿的探索，引导他们观察水流受阻的位置，一起尝试调整竹片的摆放方式。,组织幼儿就游戏困难进行讨论，寻找解决问题的方案，引导幼儿再次尝试。,投放更多辅助引水的材料，重新激起幼儿的探索兴趣，继续观察游戏进展。,58.036047,79.069767,29.906977,80.0,35.0,0,首末位摇摆,首反应异常；多次调整；首末位摇摆,A,B/D,教师A：示范正确的引水方法，请幼儿注意观察并说说引水的要领，再自己试一试。,教师B：加入幼儿的探索，引导他们观察水流受阻的位置，一起尝试调整竹片的摆放方式。；教师D：投放更多辅助引水的材料，重新激起幼儿的探索兴趣，继续观察游戏进展。,请教师回忆读到情境后最先注意到什么、是否很快形成判断或感到难判断；追问最理想或最不理想做法的判断为什么发生变化,未进行时间剔除
教师07,sim_openid_007_148978,1,Q3,3,区域停留短,小班幼儿瑶瑶在区域活动时，一会儿在娃娃家切切菜，一会儿到美工区搓搓橡皮泥，一会儿又开心地跑到其它区域游戏，在任何一个区域停留时间都不超过三分钟。,提议瑶瑶完成某项游戏任务，如在娃娃家做菜，请他活动小结时分享。,游戏前提醒区域活动规则，活动结束后表扬区域游戏规则遵守得好的小朋友。,仔细观察瑶瑶在不同区域的游戏情况，分析他发生迅速转移的原因。,以同伴的身份陪伴瑶瑶在某一区域游戏，待他专注游戏后再离开。,84.357752,60.465116,94.604651,100.0,59.222222,0,首末位摇摆,首反应异常；高修正投入；多次调整；首末位摇摆；优劣方向冲突,A,A/D,教师A：提议瑶瑶完成某项游戏任务，如在娃娃家做菜，请他活动小结时分享。,教师A：提议瑶瑶完成某项游戏任务，如在娃娃家做菜，请他活动小结时分享。；教师D：以同伴的身份陪伴瑶瑶在某一区域游戏，待他专注游戏后再离开。,请教师回忆读到情境后最先注意到什么、是否很快形成判断或感到难判断；追问后续主要在比较哪些做法、为什么调整；追问最理想或最不理想做法的判断为什么发生变化；追问是否曾把某做法从合适改判为不合适，或相反,未进行时间剔除
教师07,sim_openid_007_148978,2,Q6,6,材料选择无层次,大班上学期，张老师在建构区投放了按图搭建的游戏材料，并提供了不同星级难度的任务卡供幼儿选择，但有的幼儿一上来就选择高难度的三星级任务卡，结果不能顺利完成任务；而有的幼儿始终选择低难度的一星级任务卡。这天，浩浩又连续选择了几张一星级任务卡，很快就完成了任务。,调整任务卡提供方式，在游戏开始前根据幼儿的能力水平有针对性地发放任务卡。,暂不介入，尊重幼儿的自主选择和游戏体验，只要完成任务就是一种经验积累。,调整任务卡呈现方式，如增加“我想挑战”等提示，鼓励幼儿选择不同星级的挑战。,和浩浩回顾已完成的任务，比较不同星级的难度，邀请他选择稍有挑战的任务。,76.288889,84.444444,60.666667,100.0,41.333333,0,首末位摇摆,首反应异常；高修正投入；多次调整；首末位摇摆；优劣方向冲突,D,B/C,教师D：和浩浩回顾已完成的任务，比较不同星级的难度，邀请他选择稍有挑战的任务。,教师B：暂不介入，尊重幼儿的自主选择和游戏体验，只要完成任务就是一种经验积累。；教师C：调整任务卡呈现方式，如增加“我想挑战”等提示，鼓励幼儿选择不同星级的挑战。,请教师回忆读到情境后最先注意到什么、是否很快形成判断或感到难判断；追问后续主要在比较哪些做法、为什么调整；追问最理想或最不理想做法的判断为什么发生变化；追问是否曾把某做法从合适改判为不合适，或相反,未进行时间剔除
教师08,sim_openid_008_921296,1,Q9,9,飞行棋各走各的,大班区域游戏中，轩轩和小宇一起玩飞行棋，他们将棋子摆好后，各自拿了一个骰子开始投，小宇说：“该我走。”轩轩说：“明明该我走！”相持不下，于是两人各拿一个骰子，自顾自地走自己的棋。,耐心讲解共同游戏的规则，再以“棋手”身份加入游戏进行示范引导。,暂不介入，继续观察游戏进展，待区域小结时请幼儿分享游戏中的体验和问题。,拿走一个骰子，请幼儿商量只有一个骰子的共同游戏规则，达成一致后再开始游戏。,待幼儿体验一轮各走各的游戏后，询问幼儿的游戏体验，提示共同游戏规则的作用。,56.252713,60.465116,15.643411,100.0,29.777778,0,首末位摇摆,首反应异常；首末位摇摆；优劣方向冲突,D,B/C,教师D：待幼儿体验一轮各走各的游戏后，询问幼儿的游戏体验，提示共同游戏规则的作用。,教师B：暂不介入，继续观察游戏进展，待区域小结时请幼儿分享游戏中的体验和问题。；教师C：拿走一个骰子，请幼儿商量只有一个骰子的共同游戏规则，达成一致后再开始游戏。,请教师回忆读到情境后最先注意到什么、是否很快形成判断或感到难判断；追问最理想或最不理想做法的判断为什么发生变化；追问是否曾把某做法从合适改判为不合适，或相反,未进行时间剔除
教师08,sim_openid_008_921296,2,Q5,5,消防员救火开心,近几天，中班的幼儿十分热衷于在区域游戏时间玩“消防员救火”的游戏。游戏结束后的交流活动中，老师问幼儿最想分享什么时，阳阳说“娃娃家着火了，好开心啊！”。,抓住教育契机，向幼儿耐心解释真实的火灾会造成物品损失和人员伤亡。,询问幼儿开心的是“着火”本身，还是消防员成功救火、娃娃家的人得救？,引导幼儿思考“娃娃家着火”值不值得开心，帮助他们认识真实火灾是危险的。,请阳阳讲讲娃娃家着火后发生了什么、为什么开心，借此理解幼儿的游戏体验。,54.418217,41.860465,49.875969,60.0,67.222222,0,路径振荡,多次调整；首末位摇摆；路径振荡,A,A/D,教师A：抓住教育契机，向幼儿耐心解释真实的火灾会造成物品损失和人员伤亡。,教师A：抓住教育契机，向幼儿耐心解释真实的火灾会造成物品损失和人员伤亡。；教师D：请阳阳讲讲娃娃家着火后发生了什么、为什么开心，借此理解幼儿的游戏体验。,追问最理想或最不理想做法的判断为什么发生变化；追问当时是否在几个判断标准之间反复权衡,未进行时间剔除
教师09,sim_openid_009_149687,1,Q9,9,飞行棋各走各的,大班区域游戏中，轩轩和小宇一起玩飞行棋，他们将棋子摆好后，各自拿了一个骰子开始投，小宇说：“该我走。”轩轩说：“明明该我走！”相持不下，于是两人各拿一个骰子，自顾自地走自己的棋。,耐心讲解共同游戏的规则，再以“棋手”身份加入游戏进行示范引导。,暂不介入，继续观察游戏进展，待区域小结时请幼儿分享游戏中的体验和问题。,拿走一个骰子，请幼儿商量只有一个骰子的共同游戏规则，达成一致后再开始游戏。,待幼儿体验一轮各走各的游戏后，询问幼儿的游戏体验，提示共同游戏规则的作用。,85.492248,83.72093,91.937984,80.0,87.777778,0,修正投入,首反应异常；高修正投入；多次调整；首末位摇摆；路径振荡,C,B/D,教师C：拿走一个骰子，请幼儿商量只有一个骰子的共同游戏规则，达成一致后再开始游戏。,教师B：暂不介入，继续观察游戏进展，待区域小结时请幼儿分享游戏中的体验和问题。；教师D：待幼儿体验一轮各走各的游戏后，询问幼儿的游戏体验，提示共同游戏规则的作用。,请教师回忆读到情境后最先注意到什么、是否很快形成判断或感到难判断；追问后续主要在比较哪些做法、为什么调整；追问最理想或最不理想做法的判断为什么发生变化；追问当时是否在几个判断标准之间反复权衡,未进行时间剔除
教师09,sim_openid_009_149687,2,Q10,10,跳绳秩序混乱,周三下午，大五班的幼儿正自发进行跳绳游戏。李老师观察后发现，挤在一起跳绳的幼儿人数较多，整个场面十分混乱，幼儿很容易出现碰撞现象。此外，由于当“柱子”的幼儿很久才能轮上跳绳，因此也显得很不耐烦。,请幼儿暂停游戏，将幼儿分成多个小组并引导他们以小组为单位分区域开展游戏。,请幼儿说一说跳绳活动中存在的问题，并邀请幼儿一起设置跳绳的规则。,提供更多数量和不同种类的跳绳，并言语引导幼儿分组分区同时进行跳绳游戏。,暂不介入，活动分享时通过照片或视频回放引导幼儿发现问题并商议解决办法。,84.74697,79.545455,89.848485,100.0,45.888889,0,首末位摇摆,首反应异常；高修正投入；多次调整；首末位摇摆；优劣方向冲突,B,B/C,教师B：请幼儿说一说跳绳活动中存在的问题，并邀请幼儿一起设置跳绳的规则。,教师B：请幼儿说一说跳绳活动中存在的问题，并邀请幼儿一起设置跳绳的规则。；教师C：提供更多数量和不同种类的跳绳，并言语引导幼儿分组分区同时进行跳绳游戏。,请教师回忆读到情境后最先注意到什么、是否很快形成判断或感到难判断；追问后续主要在比较哪些做法、为什么调整；追问最理想或最不理想做法的判断为什么发生变化；追问是否曾把某做法从合适改判为不合适，或相反,未进行时间剔除
教师10,sim_openid_010_681499,1,Q7,7,艾莎公主不运动,小班的一次户外运动，有几个女孩子从一开始就没有选择任何体育活动项目，而是聚在一起坐在地上玩“艾莎公主”的游戏，比一比谁的鞋子最漂亮，谁的魔法最厉害。,询问幼儿没有参与运动的原因，提供丰富的活动材料吸引幼儿参与运动活动。,提醒幼儿现在是运动时间，请他们等自由游戏时间再一起玩“艾莎公主”的游戏。,利用艾莎公主的鞋子设计走、跑、跳等活动，并以参与者的身份邀请幼儿一起参与运动。,肯定幼儿自主游戏的行为，言语引导幼儿穿着“漂亮的鞋子”参与运动。,94.465152,84.090909,98.878788,100.0,86.555556,0,首末位摇摆,首反应异常；高修正投入；多次调整；首末位摇摆；优劣方向冲突；路径振荡,A,A/B,教师A：询问幼儿没有参与运动的原因，提供丰富的活动材料吸引幼儿参与运动活动。,教师A：询问幼儿没有参与运动的原因，提供丰富的活动材料吸引幼儿参与运动活动。；教师B：提醒幼儿现在是运动时间，请他们等自由游戏时间再一起玩“艾莎公主”的游戏。,请教师回忆读到情境后最先注意到什么、是否很快形成判断或感到难判断；追问后续主要在比较哪些做法、为什么调整；追问最理想或最不理想做法的判断为什么发生变化；追问是否曾把某做法从合适改判为不合适，或相反；追问当时是否在几个判断标准之间反复权衡,未进行时间剔除
教师10,sim_openid_010_681499,2,Q10,10,跳绳秩序混乱,周三下午，大五班的幼儿正自发进行跳绳游戏。李老师观察后发现，挤在一起跳绳的幼儿人数较多，整个场面十分混乱，幼儿很容易出现碰撞现象。此外，由于当“柱子”的幼儿很久才能轮上跳绳，因此也显得很不耐烦。,请幼儿暂停游戏，将幼儿分成多个小组并引导他们以小组为单位分区域开展游戏。,请幼儿说一说跳绳活动中存在的问题，并邀请幼儿一起设置跳绳的规则。,提供更多数量和不同种类的跳绳，并言语引导幼儿分组分区同时进行跳绳游戏。,暂不介入，活动分享时通过照片或视频回放引导幼儿发现问题并商议解决办法。,85.948485,56.818182,94.393939,100.0,75.111111,0,首末位摇摆,高修正投入；多次调整；首末位摇摆；优劣方向冲突；路径振荡,A,A/D,教师A：请幼儿暂停游戏，将幼儿分成多个小组并引导他们以小组为单位分区域开展游戏。,教师A：请幼儿暂停游戏，将幼儿分成多个小组并引导他们以小组为单位分区域开展游戏。；教师D：暂不介入，活动分享时通过照片或视频回放引导幼儿发现问题并商议解决办法。,追问后续主要在比较哪些做法、为什么调整；追问最理想或最不理想做法的判断为什么发生变化；追问是否曾把某做法从合适改判为不合适，或相反；追问当时是否在几个判断标准之间反复权衡,未进行时间剔除
教师11,sim_openid_011_656566,1,Q6,6,材料选择无层次,大班上学期，张老师在建构区投放了按图搭建的游戏材料，并提供了不同星级难度的任务卡供幼儿选择，但有的幼儿一上来就选择高难度的三星级任务卡，结果不能顺利完成任务；而有的幼儿始终选择低难度的一星级任务卡。这天，浩浩又连续选择了几张一星级任务卡，很快就完成了任务。,调整任务卡提供方式，在游戏开始前根据幼儿的能力水平有针对性地发放任务卡。,暂不介入，尊重幼儿的自主选择和游戏体验，只要完成任务就是一种经验积累。,调整任务卡呈现方式，如增加“我想挑战”等提示，鼓励幼儿选择不同星级的挑战。,和浩浩回顾已完成的任务，比较不同星级的难度，邀请他选择稍有挑战的任务。,77.722222,44.444444,90.0,100.0,45.555556,0,首末位摇摆,高修正投入；多次调整；首末位摇摆；优劣方向冲突,D,A/D,教师D：和浩浩回顾已完成的任务，比较不同星级的难度，邀请他选择稍有挑战的任务。,教师A：调整任务卡提供方式，在游戏开始前根据幼儿的能力水平有针对性地发放任务卡。；教师D：和浩浩回顾已完成的任务，比较不同星级的难度，邀请他选择稍有挑战的任务。,追问后续主要在比较哪些做法、为什么调整；追问最理想或最不理想做法的判断为什么发生变化；追问是否曾把某做法从合适改判为不合适，或相反,未进行时间剔除
教师11,sim_openid_011_656566,2,Q2,2,频繁求助,中班区域活动时，小明选择了建构区。玩了一会儿，他跑到老师面前说“老师，我不会搭……帮帮我吧”，教师问他需要什么帮助时，他一边说我不会搭，一边却很快地将房子从一层积木加高到了两层。看小明专注搭建后，老师就离开建构区了。可是没一会，小明又找了老师好几次，说“老师，帮帮我吧，我不会搭”。,鼓励小明独立搭建，引导他思考接下来如何搭建，及时表扬他的努力。,先示范搭建关键部分，请小明观察方法，再鼓励他照着继续搭建。,在旁观察小明的搭建过程，并适时反馈，帮助他理清搭建步骤。,帮小明回顾已搭建完成的部分，指导他设定小目标，尝试自己实现。,73.9,32.5,77.833333,100.0,60.333333,0,首末位摇摆,高修正投入；多次调整；首末位摇摆；优劣方向冲突；路径振荡,B,A/C,教师B：先示范搭建关键部分，请小明观察方法，再鼓励他照着继续搭建。,教师A：鼓励小明独立搭建，引导他思考接下来如何搭建，及时表扬他的努力。；教师C：在旁观察小明的搭建过程，并适时反馈，帮助他理清搭建步骤。,追问后续主要在比较哪些做法、为什么调整；追问最理想或最不理想做法的判断为什么发生变化；追问是否曾把某做法从合适改判为不合适，或相反；追问当时是否在几个判断标准之间反复权衡,未进行时间剔除
教师12,sim_openid_012_439268,1,Q4,4,未参与小组建构,大班建构活动中，睿睿和其他幼儿计划一起搭积木大桥，他们讨论了搭建方法，并进入区域开始搭建。就在其他幼儿在认真搭建时，睿睿发现了一块长条木板，他一会儿在地上推着走，一会儿当枪使，没有再参与小组的搭建。,继续观察，后续分享中支持睿睿思考如何把长条木板融入小组的建构中。,肯定睿睿的创造性玩法，询问他长条板能否当桥面，引导他参与到搭桥任务中。,引导睿睿回顾计划，建议他先完成共同任务，长条木板可以等自由游戏时再玩。,看到睿睿玩得开心，暂不介入，等下一次活动时再提醒他根据计划开展游戏。,81.477778,22.222222,96.444444,100.0,87.333333,0,首末位摇摆,高修正投入；多次调整；首末位摇摆；优劣方向冲突；路径振荡,,B/C,,教师B：肯定睿睿的创造性玩法，询问他长条板能否当桥面，引导他参与到搭桥任务中。；教师C：引导睿睿回顾计划，建议他先完成共同任务，长条木板可以等自由游戏时再玩。,追问后续主要在比较哪些做法、为什么调整；追问最理想或最不理想做法的判断为什么发生变化；追问是否曾把某做法从合适改判为不合适，或相反；追问当时是否在几个判断标准之间反复权衡,未进行时间剔除
教师12,sim_openid_012_439268,2,Q9,9,飞行棋各走各的,大班区域游戏中，轩轩和小宇一起玩飞行棋，他们将棋子摆好后，各自拿了一个骰子开始投，小宇说：“该我走。”轩轩说：“明明该我走！”相持不下，于是两人各拿一个骰子，自顾自地走自己的棋。,耐心讲解共同游戏的规则，再以“棋手”身份加入游戏进行示范引导。,暂不介入，继续观察游戏进展，待区域小结时请幼儿分享游戏中的体验和问题。,拿走一个骰子，请幼儿商量只有一个骰子的共同游戏规则，达成一致后再开始游戏。,待幼儿体验一轮各走各的游戏后，询问幼儿的游戏体验，提示共同游戏规则的作用。,69.070543,55.813953,56.914729,100.0,38.888889,0,首末位摇摆,多次调整；首末位摇摆；优劣方向冲突,A,B/C,教师A：耐心讲解共同游戏的规则，再以“棋手”身份加入游戏进行示范引导。,教师B：暂不介入，继续观察游戏进展，待区域小结时请幼儿分享游戏中的体验和问题。；教师C：拿走一个骰子，请幼儿商量只有一个骰子的共同游戏规则，达成一致后再开始游戏。,追问最理想或最不理想做法的判断为什么发生变化；追问是否曾把某做法从合适改判为不合适，或相反,未进行时间剔除
教师13,sim_openid_013_622833,1,Q8,8,引水难题未解,中班上学期，幼儿在“引水游戏”中遇到了难题——水无法被引到竹片管道上。他们不断调整竹片拼接的方式，却始终没能成功，即竹片一头高于出水管道，阻碍了引流。渐渐地幼儿的探索兴趣也减弱了，有的开始玩水，有的甚至离开了水池。,示范正确的引水方法，请幼儿注意观察并说说引水的要领，再自己试一试。,加入幼儿的探索，引导他们观察水流受阻的位置，一起尝试调整竹片的摆放方式。,组织幼儿就游戏困难进行讨论，寻找解决问题的方案，引导幼儿再次尝试。,投放更多辅助引水的材料，重新激起幼儿的探索兴趣，继续观察游戏进展。,88.640698,93.023256,75.286822,100.0,83.0,0,首末位摇摆,首反应异常；高修正投入；多次调整；首末位摇摆；优劣方向冲突；路径振荡,D,A/B,教师D：投放更多辅助引水的材料，重新激起幼儿的探索兴趣，继续观察游戏进展。,教师A：示范正确的引水方法，请幼儿注意观察并说说引水的要领，再自己试一试。；教师B：加入幼儿的探索，引导他们观察水流受阻的位置，一起尝试调整竹片的摆放方式。,请教师回忆读到情境后最先注意到什么、是否很快形成判断或感到难判断；追问后续主要在比较哪些做法、为什么调整；追问最理想或最不理想做法的判断为什么发生变化；追问是否曾把某做法从合适改判为不合适，或相反；追问当时是否在几个判断标准之间反复权衡,未进行时间剔除
教师13,sim_openid_013_622833,2,Q2,2,频繁求助,中班区域活动时，小明选择了建构区。玩了一会儿，他跑到老师面前说“老师，我不会搭……帮帮我吧”，教师问他需要什么帮助时，他一边说我不会搭，一边却很快地将房子从一层积木加高到了两层。看小明专注搭建后，老师就离开建构区了。可是没一会，小明又找了老师好几次，说“老师，帮帮我吧，我不会搭”。,鼓励小明独立搭建，引导他思考接下来如何搭建，及时表扬他的努力。,先示范搭建关键部分，请小明观察方法，再鼓励他照着继续搭建。,在旁观察小明的搭建过程，并适时反馈，帮助他理清搭建步骤。,帮小明回顾已搭建完成的部分，指导他设定小目标，尝试自己实现。,86.716667,87.5,78.833333,100.0,70.444444,0,首末位摇摆,首反应异常；高修正投入；多次调整；首末位摇摆；路径振荡,D,A/C,教师D：帮小明回顾已搭建完成的部分，指导他设定小目标，尝试自己实现。,教师A：鼓励小明独立搭建，引导他思考接下来如何搭建，及时表扬他的努力。；教师C：在旁观察小明的搭建过程，并适时反馈，帮助他理清搭建步骤。,请教师回忆读到情境后最先注意到什么、是否很快形成判断或感到难判断；追问后续主要在比较哪些做法、为什么调整；追问最理想或最不理想做法的判断为什么发生变化；追问当时是否在几个判断标准之间反复权衡,未进行时间剔除
教师14,sim_openid_014_601439,1,Q3,3,区域停留短,小班幼儿瑶瑶在区域活动时，一会儿在娃娃家切切菜，一会儿到美工区搓搓橡皮泥，一会儿又开心地跑到其它区域游戏，在任何一个区域停留时间都不超过三分钟。,提议瑶瑶完成某项游戏任务，如在娃娃家做菜，请他活动小结时分享。,游戏前提醒区域活动规则，活动结束后表扬区域游戏规则遵守得好的小朋友。,仔细观察瑶瑶在不同区域的游戏情况，分析他发生迅速转移的原因。,以同伴的身份陪伴瑶瑶在某一区域游戏，待他专注游戏后再离开。,89.331783,93.023256,98.868217,80.0,87.111111,0,修正投入,首反应异常；高修正投入；多次调整；首末位摇摆；路径振荡,A,A/B,教师A：提议瑶瑶完成某项游戏任务，如在娃娃家做菜，请他活动小结时分享。,教师A：提议瑶瑶完成某项游戏任务，如在娃娃家做菜，请他活动小结时分享。；教师B：游戏前提醒区域活动规则，活动结束后表扬区域游戏规则遵守得好的小朋友。,请教师回忆读到情境后最先注意到什么、是否很快形成判断或感到难判断；追问后续主要在比较哪些做法、为什么调整；追问最理想或最不理想做法的判断为什么发生变化；追问当时是否在几个判断标准之间反复权衡,未进行时间剔除
教师14,sim_openid_014_601439,2,Q7,7,艾莎公主不运动,小班的一次户外运动，有几个女孩子从一开始就没有选择任何体育活动项目，而是聚在一起坐在地上玩“艾莎公主”的游戏，比一比谁的鞋子最漂亮，谁的魔法最厉害。,询问幼儿没有参与运动的原因，提供丰富的活动材料吸引幼儿参与运动活动。,提醒幼儿现在是运动时间，请他们等自由游戏时间再一起玩“艾莎公主”的游戏。,利用艾莎公主的鞋子设计走、跑、跳等活动，并以参与者的身份邀请幼儿一起参与运动。,肯定幼儿自主游戏的行为，言语引导幼儿穿着“漂亮的鞋子”参与运动。,86.842424,70.454545,89.727273,100.0,72.222222,0,首末位摇摆,首反应异常；高修正投入；多次调整；首末位摇摆；优劣方向冲突；路径振荡,B,C/D,教师B：提醒幼儿现在是运动时间，请他们等自由游戏时间再一起玩“艾莎公主”的游戏。,教师C：利用艾莎公主的鞋子设计走、跑、跳等活动，并以参与者的身份邀请幼儿一起参与运动。；教师D：肯定幼儿自主游戏的行为，言语引导幼儿穿着“漂亮的鞋子”参与运动。,请教师回忆读到情境后最先注意到什么、是否很快形成判断或感到难判断；追问后续主要在比较哪些做法、为什么调整；追问最理想或最不理想做法的判断为什么发生变化；追问是否曾把某做法从合适改判为不合适，或相反；追问当时是否在几个判断标准之间反复权衡,未进行时间剔除
教师15,sim_openid_015_459012,1,Q1,1,篮球架玩水,操场上新安装了一些篮球架，幼儿经常在这里投篮。某天户外活动时，几名幼儿带着画笔和水桶来到这里，他们先是快乐地粉刷篮球架，之后开始往篮框里灌水，有的从上面灌，有的在下面接，忙的不亦乐乎，俨然这里成为了玩水的场地。,看到幼儿玩得很开心，不干预他们的玩水行为，待兴趣减弱后再讨论玩水的适宜性。,表扬幼儿的新发现，并询问在篮球架旁玩水是否合适，提议幼儿可以换个地方玩水。,参与到幼儿的“粉刷”游戏中，逐步引导幼儿到适宜玩水的地方继续开展游戏。,提醒幼儿篮球架是用于开展运动的，与其他幼儿一起召唤他们打篮球，转移他们的关注点。,79.868699,97.560976,63.355014,100.0,42.333333,0,首末位摇摆,首反应异常；高修正投入；多次调整；首末位摇摆；优劣方向冲突,A,A/B,教师A：看到幼儿玩得很开心，不干预他们的玩水行为，待兴趣减弱后再讨论玩水的适宜性。,教师A：看到幼儿玩得很开心，不干预他们的玩水行为，待兴趣减弱后再讨论玩水的适宜性。；教师B：表扬幼儿的新发现，并询问在篮球架旁玩水是否合适，提议幼儿可以换个地方玩水。,请教师回忆读到情境后最先注意到什么、是否很快形成判断或感到难判断；追问后续主要在比较哪些做法、为什么调整；追问最理想或最不理想做法的判断为什么发生变化；追问是否曾把某做法从合适改判为不合适，或相反,未进行时间剔除
教师15,sim_openid_015_459012,2,Q4,4,未参与小组建构,大班建构活动中，睿睿和其他幼儿计划一起搭积木大桥，他们讨论了搭建方法，并进入区域开始搭建。就在其他幼儿在认真搭建时，睿睿发现了一块长条木板，他一会儿在地上推着走，一会儿当枪使，没有再参与小组的搭建。,继续观察，后续分享中支持睿睿思考如何把长条木板融入小组的建构中。,肯定睿睿的创造性玩法，询问他长条板能否当桥面，引导他参与到搭桥任务中。,引导睿睿回顾计划，建议他先完成共同任务，长条木板可以等自由游戏时再玩。,看到睿睿玩得开心，暂不介入，等下一次活动时再提醒他根据计划开展游戏。,64.705556,71.111111,27.333333,100.0,48.555556,0,首末位摇摆,首反应异常；多次调整；首末位摇摆；优劣方向冲突,D,A/C,教师D：看到睿睿玩得开心，暂不介入，等下一次活动时再提醒他根据计划开展游戏。,教师A：继续观察，后续分享中支持睿睿思考如何把长条木板融入小组的建构中。；教师C：引导睿睿回顾计划，建议他先完成共同任务，长条木板可以等自由游戏时再玩。,请教师回忆读到情境后最先注意到什么、是否很快形成判断或感到难判断；追问最理想或最不理想做法的判断为什么发生变化；追问是否曾把某做法从合适改判为不合适，或相反,未进行时间剔除
教师16,sim_openid_016_686881,1,Q5,5,消防员救火开心,近几天，中班的幼儿十分热衷于在区域游戏时间玩“消防员救火”的游戏。游戏结束后的交流活动中，老师问幼儿最想分享什么时，阳阳说“娃娃家着火了，好开心啊！”。,抓住教育契机，向幼儿耐心解释真实的火灾会造成物品损失和人员伤亡。,询问幼儿开心的是“着火”本身，还是消防员成功救火、娃娃家的人得救？,引导幼儿思考“娃娃家着火”值不值得开心，帮助他们认识真实火灾是危险的。,请阳阳讲讲娃娃家着火后发生了什么、为什么开心，借此理解幼儿的游戏体验。,70.412403,23.255814,82.093023,100.0,40.888889,0,首末位摇摆,高修正投入；多次调整；首末位摇摆；优劣方向冲突,A,A/D,教师A：抓住教育契机，向幼儿耐心解释真实的火灾会造成物品损失和人员伤亡。,教师A：抓住教育契机，向幼儿耐心解释真实的火灾会造成物品损失和人员伤亡。；教师D：请阳阳讲讲娃娃家着火后发生了什么、为什么开心，借此理解幼儿的游戏体验。,追问后续主要在比较哪些做法、为什么调整；追问最理想或最不理想做法的判断为什么发生变化；追问是否曾把某做法从合适改判为不合适，或相反,未进行时间剔除
教师16,sim_openid_016_686881,2,Q1,1,篮球架玩水,操场上新安装了一些篮球架，幼儿经常在这里投篮。某天户外活动时，几名幼儿带着画笔和水桶来到这里，他们先是快乐地粉刷篮球架，之后开始往篮框里灌水，有的从上面灌，有的在下面接，忙的不亦乐乎，俨然这里成为了玩水的场地。,看到幼儿玩得很开心，不干预他们的玩水行为，待兴趣减弱后再讨论玩水的适宜性。,表扬幼儿的新发现，并询问在篮球架旁玩水是否合适，提议幼儿可以换个地方玩水。,参与到幼儿的“粉刷”游戏中，逐步引导幼儿到适宜玩水的地方继续开展游戏。,提醒幼儿篮球架是用于开展运动的，与其他幼儿一起召唤他们打篮球，转移他们的关注点。,63.544309,14.634146,78.391599,80.0,60.666667,0,首末位摇摆,高修正投入；多次调整；首末位摇摆；路径振荡,A,C/D,教师A：看到幼儿玩得很开心，不干预他们的玩水行为，待兴趣减弱后再讨论玩水的适宜性。,教师C：参与到幼儿的“粉刷”游戏中，逐步引导幼儿到适宜玩水的地方继续开展游戏。；教师D：提醒幼儿篮球架是用于开展运动的，与其他幼儿一起召唤他们打篮球，转移他们的关注点。,追问后续主要在比较哪些做法、为什么调整；追问最理想或最不理想做法的判断为什么发生变化；追问当时是否在几个判断标准之间反复权衡,未进行时间剔除
教师17,sim_openid_017_558366,1,Q8,8,引水难题未解,中班上学期，幼儿在“引水游戏”中遇到了难题——水无法被引到竹片管道上。他们不断调整竹片拼接的方式，却始终没能成功，即竹片一头高于出水管道，阻碍了引流。渐渐地幼儿的探索兴趣也减弱了，有的开始玩水，有的甚至离开了水池。,示范正确的引水方法，请幼儿注意观察并说说引水的要领，再自己试一试。,加入幼儿的探索，引导他们观察水流受阻的位置，一起尝试调整竹片的摆放方式。,组织幼儿就游戏困难进行讨论，寻找解决问题的方案，引导幼儿再次尝试。,投放更多辅助引水的材料，重新激起幼儿的探索兴趣，继续观察游戏进展。,89.863953,69.767442,98.868217,100.0,75.0,0,首末位摇摆,首反应异常；高修正投入；多次调整；首末位摇摆；路径振荡,B,B/D,教师B：加入幼儿的探索，引导他们观察水流受阻的位置，一起尝试调整竹片的摆放方式。,教师B：加入幼儿的探索，引导他们观察水流受阻的位置，一起尝试调整竹片的摆放方式。；教师D：投放更多辅助引水的材料，重新激起幼儿的探索兴趣，继续观察游戏进展。,请教师回忆读到情境后最先注意到什么、是否很快形成判断或感到难判断；追问后续主要在比较哪些做法、为什么调整；追问最理想或最不理想做法的判断为什么发生变化；追问当时是否在几个判断标准之间反复权衡,未进行时间剔除
教师17,sim_openid_017_558366,2,Q5,5,消防员救火开心,近几天，中班的幼儿十分热衷于在区域游戏时间玩“消防员救火”的游戏。游戏结束后的交流活动中，老师问幼儿最想分享什么时，阳阳说“娃娃家着火了，好开心啊！”。,抓住教育契机，向幼儿耐心解释真实的火灾会造成物品损失和人员伤亡。,询问幼儿开心的是“着火”本身，还是消防员成功救火、娃娃家的人得救？,引导幼儿思考“娃娃家着火”值不值得开心，帮助他们认识真实火灾是危险的。,请阳阳讲讲娃娃家着火后发生了什么、为什么开心，借此理解幼儿的游戏体验。,83.186047,74.418605,89.674419,100.0,42.666667,0,首末位摇摆,首反应异常；高修正投入；多次调整；首末位摇摆,A,A/B,教师A：抓住教育契机，向幼儿耐心解释真实的火灾会造成物品损失和人员伤亡。,教师A：抓住教育契机，向幼儿耐心解释真实的火灾会造成物品损失和人员伤亡。；教师B：询问幼儿开心的是“着火”本身，还是消防员成功救火、娃娃家的人得救？,请教师回忆读到情境后最先注意到什么、是否很快形成判断或感到难判断；追问后续主要在比较哪些做法、为什么调整；追问最理想或最不理想做法的判断为什么发生变化,未进行时间剔除
教师18,sim_openid_018_547359,1,Q2,2,频繁求助,中班区域活动时，小明选择了建构区。玩了一会儿，他跑到老师面前说“老师，我不会搭……帮帮我吧”，教师问他需要什么帮助时，他一边说我不会搭，一边却很快地将房子从一层积木加高到了两层。看小明专注搭建后，老师就离开建构区了。可是没一会，小明又找了老师好几次，说“老师，帮帮我吧，我不会搭”。,鼓励小明独立搭建，引导他思考接下来如何搭建，及时表扬他的努力。,先示范搭建关键部分，请小明观察方法，再鼓励他照着继续搭建。,在旁观察小明的搭建过程，并适时反馈，帮助他理清搭建步骤。,帮小明回顾已搭建完成的部分，指导他设定小目标，尝试自己实现。,94.133333,97.5,90.5,100.0,83.222222,0,首末位摇摆,首反应异常；高修正投入；多次调整；首末位摇摆；优劣方向冲突；路径振荡,B,B/C,教师B：先示范搭建关键部分，请小明观察方法，再鼓励他照着继续搭建。,教师B：先示范搭建关键部分，请小明观察方法，再鼓励他照着继续搭建。；教师C：在旁观察小明的搭建过程，并适时反馈，帮助他理清搭建步骤。,请教师回忆读到情境后最先注意到什么、是否很快形成判断或感到难判断；追问后续主要在比较哪些做法、为什么调整；追问最理想或最不理想做法的判断为什么发生变化；追问是否曾把某做法从合适改判为不合适，或相反；追问当时是否在几个判断标准之间反复权衡,未进行时间剔除
教师18,sim_openid_018_547359,2,Q6,6,材料选择无层次,大班上学期，张老师在建构区投放了按图搭建的游戏材料，并提供了不同星级难度的任务卡供幼儿选择，但有的幼儿一上来就选择高难度的三星级任务卡，结果不能顺利完成任务；而有的幼儿始终选择低难度的一星级任务卡。这天，浩浩又连续选择了几张一星级任务卡，很快就完成了任务。,调整任务卡提供方式，在游戏开始前根据幼儿的能力水平有针对性地发放任务卡。,暂不介入，尊重幼儿的自主选择和游戏体验，只要完成任务就是一种经验积累。,调整任务卡呈现方式，如增加“我想挑战”等提示，鼓励幼儿选择不同星级的挑战。,和浩浩回顾已完成的任务，比较不同星级的难度，邀请他选择稍有挑战的任务。,91.205556,97.777778,89.555556,100.0,65.222222,0,首末位摇摆,首反应异常；高修正投入；多次调整；首末位摇摆；优劣方向冲突；路径振荡,A,B/C,教师A：调整任务卡提供方式，在游戏开始前根据幼儿的能力水平有针对性地发放任务卡。,教师B：暂不介入，尊重幼儿的自主选择和游戏体验，只要完成任务就是一种经验积累。；教师C：调整任务卡呈现方式，如增加“我想挑战”等提示，鼓励幼儿选择不同星级的挑战。,请教师回忆读到情境后最先注意到什么、是否很快形成判断或感到难判断；追问后续主要在比较哪些做法、为什么调整；追问最理想或最不理想做法的判断为什么发生变化；追问是否曾把某做法从合适改判为不合适，或相反；追问当时是否在几个判断标准之间反复权衡,未进行时间剔除
教师19,sim_openid_019_623976,1,Q10,10,跳绳秩序混乱,周三下午，大五班的幼儿正自发进行跳绳游戏。李老师观察后发现，挤在一起跳绳的幼儿人数较多，整个场面十分混乱，幼儿很容易出现碰撞现象。此外，由于当“柱子”的幼儿很久才能轮上跳绳，因此也显得很不耐烦。,请幼儿暂停游戏，将幼儿分成多个小组并引导他们以小组为单位分区域开展游戏。,请幼儿说一说跳绳活动中存在的问题，并邀请幼儿一起设置跳绳的规则。,提供更多数量和不同种类的跳绳，并言语引导幼儿分组分区同时进行跳绳游戏。,暂不介入，活动分享时通过照片或视频回放引导幼儿发现问题并商议解决办法。,88.713636,84.090909,90.151515,100.0,65.666667,0,首末位摇摆,首反应异常；高修正投入；多次调整；首末位摇摆；优劣方向冲突；路径振荡,,B/D,,教师B：请幼儿说一说跳绳活动中存在的问题，并邀请幼儿一起设置跳绳的规则。；教师D：暂不介入，活动分享时通过照片或视频回放引导幼儿发现问题并商议解决办法。,请教师回忆读到情境后最先注意到什么、是否很快形成判断或感到难判断；追问后续主要在比较哪些做法、为什么调整；追问最理想或最不理想做法的判断为什么发生变化；追问是否曾把某做法从合适改判为不合适，或相反；追问当时是否在几个判断标准之间反复权衡,未进行时间剔除
教师19,sim_openid_019_623976,2,Q7,7,艾莎公主不运动,小班的一次户外运动，有几个女孩子从一开始就没有选择任何体育活动项目，而是聚在一起坐在地上玩“艾莎公主”的游戏，比一比谁的鞋子最漂亮，谁的魔法最厉害。,询问幼儿没有参与运动的原因，提供丰富的活动材料吸引幼儿参与运动活动。,提醒幼儿现在是运动时间，请他们等自由游戏时间再一起玩“艾莎公主”的游戏。,利用艾莎公主的鞋子设计走、跑、跳等活动，并以参与者的身份邀请幼儿一起参与运动。,肯定幼儿自主游戏的行为，言语引导幼儿穿着“漂亮的鞋子”参与运动。,88.295455,79.545455,86.732323,100.0,75.777778,0,首末位摇摆,首反应异常；高修正投入；多次调整；首末位摇摆；优劣方向冲突；路径振荡,B,B/D,教师B：提醒幼儿现在是运动时间，请他们等自由游戏时间再一起玩“艾莎公主”的游戏。,教师B：提醒幼儿现在是运动时间，请他们等自由游戏时间再一起玩“艾莎公主”的游戏。；教师D：肯定幼儿自主游戏的行为，言语引导幼儿穿着“漂亮的鞋子”参与运动。,请教师回忆读到情境后最先注意到什么、是否很快形成判断或感到难判断；追问后续主要在比较哪些做法、为什么调整；追问最理想或最不理想做法的判断为什么发生变化；追问是否曾把某做法从合适改判为不合适，或相反；追问当时是否在几个判断标准之间反复权衡,未进行时间剔除
教师20,sim_openid_020_495370,1,Q3,3,区域停留短,小班幼儿瑶瑶在区域活动时，一会儿在娃娃家切切菜，一会儿到美工区搓搓橡皮泥，一会儿又开心地跑到其它区域游戏，在任何一个区域停留时间都不超过三分钟。,提议瑶瑶完成某项游戏任务，如在娃娃家做菜，请他活动小结时分享。,游戏前提醒区域活动规则，活动结束后表扬区域游戏规则遵守得好的小朋友。,仔细观察瑶瑶在不同区域的游戏情况，分析他发生迅速转移的原因。,以同伴的身份陪伴瑶瑶在某一区域游戏，待他专注游戏后再离开。,87.706977,93.023256,93.674419,100.0,40.0,0,首末位摇摆,首反应异常；高修正投入；多次调整；首末位摇摆,A,B/C,教师A：提议瑶瑶完成某项游戏任务，如在娃娃家做菜，请他活动小结时分享。,教师B：游戏前提醒区域活动规则，活动结束后表扬区域游戏规则遵守得好的小朋友。；教师C：仔细观察瑶瑶在不同区域的游戏情况，分析他发生迅速转移的原因。,请教师回忆读到情境后最先注意到什么、是否很快形成判断或感到难判断；追问后续主要在比较哪些做法、为什么调整；追问最理想或最不理想做法的判断为什么发生变化,未进行时间剔除
教师20,sim_openid_020_495370,2,Q7,7,艾莎公主不运动,小班的一次户外运动，有几个女孩子从一开始就没有选择任何体育活动项目，而是聚在一起坐在地上玩“艾莎公主”的游戏，比一比谁的鞋子最漂亮，谁的魔法最厉害。,询问幼儿没有参与运动的原因，提供丰富的活动材料吸引幼儿参与运动活动。,提醒幼儿现在是运动时间，请他们等自由游戏时间再一起玩“艾莎公主”的游戏。,利用艾莎公主的鞋子设计走、跑、跳等活动，并以参与者的身份邀请幼儿一起参与运动。,肯定幼儿自主游戏的行为，言语引导幼儿穿着“漂亮的鞋子”参与运动。,77.337879,79.545455,66.151515,100.0,43.888889,0,首末位摇摆,首反应异常；高修正投入；多次调整；首末位摇摆；优劣方向冲突,D,A/C,教师D：肯定幼儿自主游戏的行为，言语引导幼儿穿着“漂亮的鞋子”参与运动。,教师A：询问幼儿没有参与运动的原因，提供丰富的活动材料吸引幼儿参与运动活动。；教师C：利用艾莎公主的鞋子设计走、跑、跳等活动，并以参与者的身份邀请幼儿一起参与运动。,请教师回忆读到情境后最先注意到什么、是否很快形成判断或感到难判断；追问后续主要在比较哪些做法、为什么调整；追问最理想或最不理想做法的判断为什么发生变化；追问是否曾把某做法从合适改判为不合适，或相反,未进行时间剔除
教师21,sim_openid_021_366613,1,Q5,5,消防员救火开心,近几天，中班的幼儿十分热衷于在区域游戏时间玩“消防员救火”的游戏。游戏结束后的交流活动中，老师问幼儿最想分享什么时，阳阳说“娃娃家着火了，好开心啊！”。,抓住教育契机，向幼儿耐心解释真实的火灾会造成物品损失和人员伤亡。,询问幼儿开心的是“着火”本身，还是消防员成功救火、娃娃家的人得救？,引导幼儿思考“娃娃家着火”值不值得开心，帮助他们认识真实火灾是危险的。,请阳阳讲讲娃娃家着火后发生了什么、为什么开心，借此理解幼儿的游戏体验。,92.293411,69.767442,96.077519,100.0,96.777778,0,首末位摇摆,首反应异常；高修正投入；多次调整；首末位摇摆；优劣方向冲突；路径振荡,C,C/D,教师C：引导幼儿思考“娃娃家着火”值不值得开心，帮助他们认识真实火灾是危险的。,教师C：引导幼儿思考“娃娃家着火”值不值得开心，帮助他们认识真实火灾是危险的。；教师D：请阳阳讲讲娃娃家着火后发生了什么、为什么开心，借此理解幼儿的游戏体验。,请教师回忆读到情境后最先注意到什么、是否很快形成判断或感到难判断；追问后续主要在比较哪些做法、为什么调整；追问最理想或最不理想做法的判断为什么发生变化；追问是否曾把某做法从合适改判为不合适，或相反；追问当时是否在几个判断标准之间反复权衡,未进行时间剔除
教师21,sim_openid_021_366613,2,Q8,8,引水难题未解,中班上学期，幼儿在“引水游戏”中遇到了难题——水无法被引到竹片管道上。他们不断调整竹片拼接的方式，却始终没能成功，即竹片一头高于出水管道，阻碍了引流。渐渐地幼儿的探索兴趣也减弱了，有的开始玩水，有的甚至离开了水池。,示范正确的引水方法，请幼儿注意观察并说说引水的要领，再自己试一试。,加入幼儿的探索，引导他们观察水流受阻的位置，一起尝试调整竹片的摆放方式。,组织幼儿就游戏困难进行讨论，寻找解决问题的方案，引导幼儿再次尝试。,投放更多辅助引水的材料，重新激起幼儿的探索兴趣，继续观察游戏进展。,85.775969,83.72093,76.217054,100.0,74.444444,0,首末位摇摆,首反应异常；高修正投入；多次调整；首末位摇摆；优劣方向冲突；路径振荡,A,B/C,教师A：示范正确的引水方法，请幼儿注意观察并说说引水的要领，再自己试一试。,教师B：加入幼儿的探索，引导他们观察水流受阻的位置，一起尝试调整竹片的摆放方式。；教师C：组织幼儿就游戏困难进行讨论，寻找解决问题的方案，引导幼儿再次尝试。,请教师回忆读到情境后最先注意到什么、是否很快形成判断或感到难判断；追问后续主要在比较哪些做法、为什么调整；追问最理想或最不理想做法的判断为什么发生变化；追问是否曾把某做法从合适改判为不合适，或相反；追问当时是否在几个判断标准之间反复权衡,未进行时间剔除
教师22,sim_openid_022_632137,1,Q7,7,艾莎公主不运动,小班的一次户外运动，有几个女孩子从一开始就没有选择任何体育活动项目，而是聚在一起坐在地上玩“艾莎公主”的游戏，比一比谁的鞋子最漂亮，谁的魔法最厉害。,询问幼儿没有参与运动的原因，提供丰富的活动材料吸引幼儿参与运动活动。,提醒幼儿现在是运动时间，请他们等自由游戏时间再一起玩“艾莎公主”的游戏。,利用艾莎公主的鞋子设计走、跑、跳等活动，并以参与者的身份邀请幼儿一起参与运动。,肯定幼儿自主游戏的行为，言语引导幼儿穿着“漂亮的鞋子”参与运动。,87.127273,65.909091,94.262626,100.0,71.111111,0,首末位摇摆,首反应异常；高修正投入；多次调整；首末位摇摆；优劣方向冲突；路径振荡,C,A/B,教师C：利用艾莎公主的鞋子设计走、跑、跳等活动，并以参与者的身份邀请幼儿一起参与运动。,教师A：询问幼儿没有参与运动的原因，提供丰富的活动材料吸引幼儿参与运动活动。；教师B：提醒幼儿现在是运动时间，请他们等自由游戏时间再一起玩“艾莎公主”的游戏。,请教师回忆读到情境后最先注意到什么、是否很快形成判断或感到难判断；追问后续主要在比较哪些做法、为什么调整；追问最理想或最不理想做法的判断为什么发生变化；追问是否曾把某做法从合适改判为不合适，或相反；追问当时是否在几个判断标准之间反复权衡,未进行时间剔除
教师22,sim_openid_022_632137,2,Q8,8,引水难题未解,中班上学期，幼儿在“引水游戏”中遇到了难题——水无法被引到竹片管道上。他们不断调整竹片拼接的方式，却始终没能成功，即竹片一头高于出水管道，阻碍了引流。渐渐地幼儿的探索兴趣也减弱了，有的开始玩水，有的甚至离开了水池。,示范正确的引水方法，请幼儿注意观察并说说引水的要领，再自己试一试。,加入幼儿的探索，引导他们观察水流受阻的位置，一起尝试调整竹片的摆放方式。,组织幼儿就游戏困难进行讨论，寻找解决问题的方案，引导幼儿再次尝试。,投放更多辅助引水的材料，重新激起幼儿的探索兴趣，继续观察游戏进展。,75.767442,9.302326,85.689922,100.0,88.0,0,首末位摇摆,高修正投入；多次调整；首末位摇摆；路径振荡,A,B/C,教师A：示范正确的引水方法，请幼儿注意观察并说说引水的要领，再自己试一试。,教师B：加入幼儿的探索，引导他们观察水流受阻的位置，一起尝试调整竹片的摆放方式。；教师C：组织幼儿就游戏困难进行讨论，寻找解决问题的方案，引导幼儿再次尝试。,追问后续主要在比较哪些做法、为什么调整；追问最理想或最不理想做法的判断为什么发生变化；追问当时是否在几个判断标准之间反复权衡,未进行时间剔除
教师23,sim_openid_023_844087,1,Q10,10,跳绳秩序混乱,周三下午，大五班的幼儿正自发进行跳绳游戏。李老师观察后发现，挤在一起跳绳的幼儿人数较多，整个场面十分混乱，幼儿很容易出现碰撞现象。此外，由于当“柱子”的幼儿很久才能轮上跳绳，因此也显得很不耐烦。,请幼儿暂停游戏，将幼儿分成多个小组并引导他们以小组为单位分区域开展游戏。,请幼儿说一说跳绳活动中存在的问题，并邀请幼儿一起设置跳绳的规则。,提供更多数量和不同种类的跳绳，并言语引导幼儿分组分区同时进行跳绳游戏。,暂不介入，活动分享时通过照片或视频回放引导幼儿发现问题并商议解决办法。,77.656061,65.909091,75.969697,100.0,44.555556,0,首末位摇摆,首反应异常；高修正投入；多次调整；首末位摇摆；优劣方向冲突,D,C/D,教师D：暂不介入，活动分享时通过照片或视频回放引导幼儿发现问题并商议解决办法。,教师C：提供更多数量和不同种类的跳绳，并言语引导幼儿分组分区同时进行跳绳游戏。；教师D：暂不介入，活动分享时通过照片或视频回放引导幼儿发现问题并商议解决办法。,请教师回忆读到情境后最先注意到什么、是否很快形成判断或感到难判断；追问后续主要在比较哪些做法、为什么调整；追问最理想或最不理想做法的判断为什么发生变化；追问是否曾把某做法从合适改判为不合适，或相反,未进行时间剔除
教师23,sim_openid_023_844087,2,Q6,6,材料选择无层次,大班上学期，张老师在建构区投放了按图搭建的游戏材料，并提供了不同星级难度的任务卡供幼儿选择，但有的幼儿一上来就选择高难度的三星级任务卡，结果不能顺利完成任务；而有的幼儿始终选择低难度的一星级任务卡。这天，浩浩又连续选择了几张一星级任务卡，很快就完成了任务。,调整任务卡提供方式，在游戏开始前根据幼儿的能力水平有针对性地发放任务卡。,暂不介入，尊重幼儿的自主选择和游戏体验，只要完成任务就是一种经验积累。,调整任务卡呈现方式，如增加“我想挑战”等提示，鼓励幼儿选择不同星级的挑战。,和浩浩回顾已完成的任务，比较不同星级的难度，邀请他选择稍有挑战的任务。,75.672222,31.111111,76.666667,100.0,76.333333,0,首末位摇摆,高修正投入；多次调整；首末位摇摆；优劣方向冲突；路径振荡,A,B/C,教师A：调整任务卡提供方式，在游戏开始前根据幼儿的能力水平有针对性地发放任务卡。,教师B：暂不介入，尊重幼儿的自主选择和游戏体验，只要完成任务就是一种经验积累。；教师C：调整任务卡呈现方式，如增加“我想挑战”等提示，鼓励幼儿选择不同星级的挑战。,追问后续主要在比较哪些做法、为什么调整；追问最理想或最不理想做法的判断为什么发生变化；追问是否曾把某做法从合适改判为不合适，或相反；追问当时是否在几个判断标准之间反复权衡,未进行时间剔除
教师24,sim_openid_024_664191,1,Q6,6,材料选择无层次,大班上学期，张老师在建构区投放了按图搭建的游戏材料，并提供了不同星级难度的任务卡供幼儿选择，但有的幼儿一上来就选择高难度的三星级任务卡，结果不能顺利完成任务；而有的幼儿始终选择低难度的一星级任务卡。这天，浩浩又连续选择了几张一星级任务卡，很快就完成了任务。,调整任务卡提供方式，在游戏开始前根据幼儿的能力水平有针对性地发放任务卡。,暂不介入，尊重幼儿的自主选择和游戏体验，只要完成任务就是一种经验积累。,调整任务卡呈现方式，如增加“我想挑战”等提示，鼓励幼儿选择不同星级的挑战。,和浩浩回顾已完成的任务，比较不同星级的难度，邀请他选择稍有挑战的任务。,92.527778,88.888889,98.888889,100.0,67.222222,0,首末位摇摆,首反应异常；高修正投入；多次调整；首末位摇摆；优劣方向冲突；路径振荡,A,A/B,教师A：调整任务卡提供方式，在游戏开始前根据幼儿的能力水平有针对性地发放任务卡。,教师A：调整任务卡提供方式，在游戏开始前根据幼儿的能力水平有针对性地发放任务卡。；教师B：暂不介入，尊重幼儿的自主选择和游戏体验，只要完成任务就是一种经验积累。,请教师回忆读到情境后最先注意到什么、是否很快形成判断或感到难判断；追问后续主要在比较哪些做法、为什么调整；追问最理想或最不理想做法的判断为什么发生变化；追问是否曾把某做法从合适改判为不合适，或相反；追问当时是否在几个判断标准之间反复权衡,未进行时间剔除
教师24,sim_openid_024_664191,2,Q2,2,频繁求助,中班区域活动时，小明选择了建构区。玩了一会儿，他跑到老师面前说“老师，我不会搭……帮帮我吧”，教师问他需要什么帮助时，他一边说我不会搭，一边却很快地将房子从一层积木加高到了两层。看小明专注搭建后，老师就离开建构区了。可是没一会，小明又找了老师好几次，说“老师，帮帮我吧，我不会搭”。,鼓励小明独立搭建，引导他思考接下来如何搭建，及时表扬他的努力。,先示范搭建关键部分，请小明观察方法，再鼓励他照着继续搭建。,在旁观察小明的搭建过程，并适时反馈，帮助他理清搭建步骤。,帮小明回顾已搭建完成的部分，指导他设定小目标，尝试自己实现。,76.5,7.5,95.5,100.0,75.666667,0,首末位摇摆,高修正投入；多次调整；首末位摇摆；优劣方向冲突；路径振荡,B,B/C,教师B：先示范搭建关键部分，请小明观察方法，再鼓励他照着继续搭建。,教师B：先示范搭建关键部分，请小明观察方法，再鼓励他照着继续搭建。；教师C：在旁观察小明的搭建过程，并适时反馈，帮助他理清搭建步骤。,追问后续主要在比较哪些做法、为什么调整；追问最理想或最不理想做法的判断为什么发生变化；追问是否曾把某做法从合适改判为不合适，或相反；追问当时是否在几个判断标准之间反复权衡,未进行时间剔除
教师25,sim_openid_025_365395,1,Q8,8,引水难题未解,中班上学期，幼儿在“引水游戏”中遇到了难题——水无法被引到竹片管道上。他们不断调整竹片拼接的方式，却始终没能成功，即竹片一头高于出水管道，阻碍了引流。渐渐地幼儿的探索兴趣也减弱了，有的开始玩水，有的甚至离开了水池。,示范正确的引水方法，请幼儿注意观察并说说引水的要领，再自己试一试。,加入幼儿的探索，引导他们观察水流受阻的位置，一起尝试调整竹片的摆放方式。,组织幼儿就游戏困难进行讨论，寻找解决问题的方案，引导幼儿再次尝试。,投放更多辅助引水的材料，重新激起幼儿的探索兴趣，继续观察游戏进展。,74.148062,32.55814,71.565891,100.0,74.444444,0,首末位摇摆,高修正投入；多次调整；首末位摇摆；优劣方向冲突；路径振荡,B,B/D,教师B：加入幼儿的探索，引导他们观察水流受阻的位置，一起尝试调整竹片的摆放方式。,教师B：加入幼儿的探索，引导他们观察水流受阻的位置，一起尝试调整竹片的摆放方式。；教师D：投放更多辅助引水的材料，重新激起幼儿的探索兴趣，继续观察游戏进展。,追问后续主要在比较哪些做法、为什么调整；追问最理想或最不理想做法的判断为什么发生变化；追问是否曾把某做法从合适改判为不合适，或相反；追问当时是否在几个判断标准之间反复权衡,未进行时间剔除
教师25,sim_openid_025_365395,2,Q7,7,艾莎公主不运动,小班的一次户外运动，有几个女孩子从一开始就没有选择任何体育活动项目，而是聚在一起坐在地上玩“艾莎公主”的游戏，比一比谁的鞋子最漂亮，谁的魔法最厉害。,询问幼儿没有参与运动的原因，提供丰富的活动材料吸引幼儿参与运动活动。,提醒幼儿现在是运动时间，请他们等自由游戏时间再一起玩“艾莎公主”的游戏。,利用艾莎公主的鞋子设计走、跑、跳等活动，并以参与者的身份邀请幼儿一起参与运动。,肯定幼儿自主游戏的行为，言语引导幼儿穿着“漂亮的鞋子”参与运动。,73.322727,56.818182,66.69697,100.0,46.333333,0,首末位摇摆,高修正投入；多次调整；首末位摇摆；优劣方向冲突,D,A/B,教师D：肯定幼儿自主游戏的行为，言语引导幼儿穿着“漂亮的鞋子”参与运动。,教师A：询问幼儿没有参与运动的原因，提供丰富的活动材料吸引幼儿参与运动活动。；教师B：提醒幼儿现在是运动时间，请他们等自由游戏时间再一起玩“艾莎公主”的游戏。,追问后续主要在比较哪些做法、为什么调整；追问最理想或最不理想做法的判断为什么发生变化；追问是否曾把某做法从合适改判为不合适，或相反,未进行时间剔除
教师26,sim_openid_026_708122,1,Q1,1,篮球架玩水,操场上新安装了一些篮球架，幼儿经常在这里投篮。某天户外活动时，几名幼儿带着画笔和水桶来到这里，他们先是快乐地粉刷篮球架，之后开始往篮框里灌水，有的从上面灌，有的在下面接，忙的不亦乐乎，俨然这里成为了玩水的场地。,看到幼儿玩得很开心，不干预他们的玩水行为，待兴趣减弱后再讨论玩水的适宜性。,表扬幼儿的新发现，并询问在篮球架旁玩水是否合适，提议幼儿可以换个地方玩水。,参与到幼儿的“粉刷”游戏中，逐步引导幼儿到适宜玩水的地方继续开展游戏。,提醒幼儿篮球架是用于开展运动的，与其他幼儿一起召唤他们打篮球，转移他们的关注点。,68.991057,53.658537,50.97561,100.0,53.111111,0,首末位摇摆,多次调整；首末位摇摆；优劣方向冲突,,A/B,,教师A：看到幼儿玩得很开心，不干预他们的玩水行为，待兴趣减弱后再讨论玩水的适宜性。；教师B：表扬幼儿的新发现，并询问在篮球架旁玩水是否合适，提议幼儿可以换个地方玩水。,追问最理想或最不理想做法的判断为什么发生变化；追问是否曾把某做法从合适改判为不合适，或相反,未进行时间剔除
教师26,sim_openid_026_708122,2,Q2,2,频繁求助,中班区域活动时，小明选择了建构区。玩了一会儿，他跑到老师面前说“老师，我不会搭……帮帮我吧”，教师问他需要什么帮助时，他一边说我不会搭，一边却很快地将房子从一层积木加高到了两层。看小明专注搭建后，老师就离开建构区了。可是没一会，小明又找了老师好几次，说“老师，帮帮我吧，我不会搭”。,鼓励小明独立搭建，引导他思考接下来如何搭建，及时表扬他的努力。,先示范搭建关键部分，请小明观察方法，再鼓励他照着继续搭建。,在旁观察小明的搭建过程，并适时反馈，帮助他理清搭建步骤。,帮小明回顾已搭建完成的部分，指导他设定小目标，尝试自己实现。,65.083333,77.5,39.166667,80.0,65.555556,0,首末位摇摆,首反应异常；多次调整；首末位摇摆；路径振荡,B,A/C,教师B：先示范搭建关键部分，请小明观察方法，再鼓励他照着继续搭建。,教师A：鼓励小明独立搭建，引导他思考接下来如何搭建，及时表扬他的努力。；教师C：在旁观察小明的搭建过程，并适时反馈，帮助他理清搭建步骤。,请教师回忆读到情境后最先注意到什么、是否很快形成判断或感到难判断；追问最理想或最不理想做法的判断为什么发生变化；追问当时是否在几个判断标准之间反复权衡,未进行时间剔除
教师27,sim_openid_027_120869,1,Q6,6,材料选择无层次,大班上学期，张老师在建构区投放了按图搭建的游戏材料，并提供了不同星级难度的任务卡供幼儿选择，但有的幼儿一上来就选择高难度的三星级任务卡，结果不能顺利完成任务；而有的幼儿始终选择低难度的一星级任务卡。这天，浩浩又连续选择了几张一星级任务卡，很快就完成了任务。,调整任务卡提供方式，在游戏开始前根据幼儿的能力水平有针对性地发放任务卡。,暂不介入，尊重幼儿的自主选择和游戏体验，只要完成任务就是一种经验积累。,调整任务卡呈现方式，如增加“我想挑战”等提示，鼓励幼儿选择不同星级的挑战。,和浩浩回顾已完成的任务，比较不同星级的难度，邀请他选择稍有挑战的任务。,72.25,40.0,61.555556,100.0,71.888889,0,首末位摇摆,高修正投入；多次调整；首末位摇摆；优劣方向冲突；路径振荡,A,A/B,教师A：调整任务卡提供方式，在游戏开始前根据幼儿的能力水平有针对性地发放任务卡。,教师A：调整任务卡提供方式，在游戏开始前根据幼儿的能力水平有针对性地发放任务卡。；教师B：暂不介入，尊重幼儿的自主选择和游戏体验，只要完成任务就是一种经验积累。,追问后续主要在比较哪些做法、为什么调整；追问最理想或最不理想做法的判断为什么发生变化；追问是否曾把某做法从合适改判为不合适，或相反；追问当时是否在几个判断标准之间反复权衡,未进行时间剔除
教师27,sim_openid_027_120869,2,Q9,9,飞行棋各走各的,大班区域游戏中，轩轩和小宇一起玩飞行棋，他们将棋子摆好后，各自拿了一个骰子开始投，小宇说：“该我走。”轩轩说：“明明该我走！”相持不下，于是两人各拿一个骰子，自顾自地走自己的棋。,耐心讲解共同游戏的规则，再以“棋手”身份加入游戏进行示范引导。,暂不介入，继续观察游戏进展，待区域小结时请幼儿分享游戏中的体验和问题。,拿走一个骰子，请幼儿商量只有一个骰子的共同游戏规则，达成一致后再开始游戏。,待幼儿体验一轮各走各的游戏后，询问幼儿的游戏体验，提示共同游戏规则的作用。,70.906977,69.767442,74.511628,80.0,44.0,0,首末位摇摆,首反应异常；高修正投入；多次调整；首末位摇摆,D,B/C,教师D：待幼儿体验一轮各走各的游戏后，询问幼儿的游戏体验，提示共同游戏规则的作用。,教师B：暂不介入，继续观察游戏进展，待区域小结时请幼儿分享游戏中的体验和问题。；教师C：拿走一个骰子，请幼儿商量只有一个骰子的共同游戏规则，达成一致后再开始游戏。,请教师回忆读到情境后最先注意到什么、是否很快形成判断或感到难判断；追问后续主要在比较哪些做法、为什么调整；追问最理想或最不理想做法的判断为什么发生变化,未进行时间剔除
教师28,sim_openid_028_602925,1,Q5,5,消防员救火开心,近几天，中班的幼儿十分热衷于在区域游戏时间玩“消防员救火”的游戏。游戏结束后的交流活动中，老师问幼儿最想分享什么时，阳阳说“娃娃家着火了，好开心啊！”。,抓住教育契机，向幼儿耐心解释真实的火灾会造成物品损失和人员伤亡。,询问幼儿开心的是“着火”本身，还是消防员成功救火、娃娃家的人得救？,引导幼儿思考“娃娃家着火”值不值得开心，帮助他们认识真实火灾是危险的。,请阳阳讲讲娃娃家着火后发生了什么、为什么开心，借此理解幼儿的游戏体验。,82.243411,83.72093,72.775194,100.0,57.777778,0,首末位摇摆,首反应异常；高修正投入；多次调整；首末位摇摆；优劣方向冲突,,A/B,,教师A：抓住教育契机，向幼儿耐心解释真实的火灾会造成物品损失和人员伤亡。；教师B：询问幼儿开心的是“着火”本身，还是消防员成功救火、娃娃家的人得救？,请教师回忆读到情境后最先注意到什么、是否很快形成判断或感到难判断；追问后续主要在比较哪些做法、为什么调整；追问最理想或最不理想做法的判断为什么发生变化；追问是否曾把某做法从合适改判为不合适，或相反,未进行时间剔除
教师28,sim_openid_028_602925,2,Q4,4,未参与小组建构,大班建构活动中，睿睿和其他幼儿计划一起搭积木大桥，他们讨论了搭建方法，并进入区域开始搭建。就在其他幼儿在认真搭建时，睿睿发现了一块长条木板，他一会儿在地上推着走，一会儿当枪使，没有再参与小组的搭建。,继续观察，后续分享中支持睿睿思考如何把长条木板融入小组的建构中。,肯定睿睿的创造性玩法，询问他长条板能否当桥面，引导他参与到搭桥任务中。,引导睿睿回顾计划，建议他先完成共同任务，长条木板可以等自由游戏时再玩。,看到睿睿玩得开心，暂不介入，等下一次活动时再提醒他根据计划开展游戏。,64.783333,66.666667,37.111111,100.0,35.444444,0,首末位摇摆,首反应异常；多次调整；首末位摇摆,A,C/D,教师A：继续观察，后续分享中支持睿睿思考如何把长条木板融入小组的建构中。,教师C：引导睿睿回顾计划，建议他先完成共同任务，长条木板可以等自由游戏时再玩。；教师D：看到睿睿玩得开心，暂不介入，等下一次活动时再提醒他根据计划开展游戏。,请教师回忆读到情境后最先注意到什么、是否很快形成判断或感到难判断；追问最理想或最不理想做法的判断为什么发生变化,未进行时间剔除
教师29,sim_openid_029_918357,1,Q4,4,未参与小组建构,大班建构活动中，睿睿和其他幼儿计划一起搭积木大桥，他们讨论了搭建方法，并进入区域开始搭建。就在其他幼儿在认真搭建时，睿睿发现了一块长条木板，他一会儿在地上推着走，一会儿当枪使，没有再参与小组的搭建。,继续观察，后续分享中支持睿睿思考如何把长条木板融入小组的建构中。,肯定睿睿的创造性玩法，询问他长条板能否当桥面，引导他参与到搭桥任务中。,引导睿睿回顾计划，建议他先完成共同任务，长条木板可以等自由游戏时再玩。,看到睿睿玩得开心，暂不介入，等下一次活动时再提醒他根据计划开展游戏。,70.038889,4.444444,76.0,100.0,75.666667,0,首末位摇摆,高修正投入；多次调整；首末位摇摆；优劣方向冲突；路径振荡,A,B/D,教师A：继续观察，后续分享中支持睿睿思考如何把长条木板融入小组的建构中。,教师B：肯定睿睿的创造性玩法，询问他长条板能否当桥面，引导他参与到搭桥任务中。；教师D：看到睿睿玩得开心，暂不介入，等下一次活动时再提醒他根据计划开展游戏。,追问后续主要在比较哪些做法、为什么调整；追问最理想或最不理想做法的判断为什么发生变化；追问是否曾把某做法从合适改判为不合适，或相反；追问当时是否在几个判断标准之间反复权衡,未进行时间剔除
教师29,sim_openid_029_918357,2,Q5,5,消防员救火开心,近几天，中班的幼儿十分热衷于在区域游戏时间玩“消防员救火”的游戏。游戏结束后的交流活动中，老师问幼儿最想分享什么时，阳阳说“娃娃家着火了，好开心啊！”。,抓住教育契机，向幼儿耐心解释真实的火灾会造成物品损失和人员伤亡。,询问幼儿开心的是“着火”本身，还是消防员成功救火、娃娃家的人得救？,引导幼儿思考“娃娃家着火”值不值得开心，帮助他们认识真实火灾是危险的。,请阳阳讲讲娃娃家着火后发生了什么、为什么开心，借此理解幼儿的游戏体验。,65.952713,88.372093,73.705426,50.0,57.777778,0,首反应异常,首反应异常；高修正投入；多次调整；首末位摇摆,B,B/D,教师B：询问幼儿开心的是“着火”本身，还是消防员成功救火、娃娃家的人得救？,教师B：询问幼儿开心的是“着火”本身，还是消防员成功救火、娃娃家的人得救？；教师D：请阳阳讲讲娃娃家着火后发生了什么、为什么开心，借此理解幼儿的游戏体验。,请教师回忆读到情境后最先注意到什么、是否很快形成判断或感到难判断；追问后续主要在比较哪些做法、为什么调整；追问最理想或最不理想做法的判断为什么发生变化,未进行时间剔除
教师30,sim_openid_030_839976,1,Q6,6,材料选择无层次,大班上学期，张老师在建构区投放了按图搭建的游戏材料，并提供了不同星级难度的任务卡供幼儿选择，但有的幼儿一上来就选择高难度的三星级任务卡，结果不能顺利完成任务；而有的幼儿始终选择低难度的一星级任务卡。这天，浩浩又连续选择了几张一星级任务卡，很快就完成了任务。,调整任务卡提供方式，在游戏开始前根据幼儿的能力水平有针对性地发放任务卡。,暂不介入，尊重幼儿的自主选择和游戏体验，只要完成任务就是一种经验积累。,调整任务卡呈现方式，如增加“我想挑战”等提示，鼓励幼儿选择不同星级的挑战。,和浩浩回顾已完成的任务，比较不同星级的难度，邀请他选择稍有挑战的任务。,77.316667,80.0,51.777778,100.0,71.888889,0,首末位摇摆,首反应异常；多次调整；首末位摇摆；路径振荡,D,B/D,教师D：和浩浩回顾已完成的任务，比较不同星级的难度，邀请他选择稍有挑战的任务。,教师B：暂不介入，尊重幼儿的自主选择和游戏体验，只要完成任务就是一种经验积累。；教师D：和浩浩回顾已完成的任务，比较不同星级的难度，邀请他选择稍有挑战的任务。,请教师回忆读到情境后最先注意到什么、是否很快形成判断或感到难判断；追问最理想或最不理想做法的判断为什么发生变化；追问当时是否在几个判断标准之间反复权衡,未进行时间剔除
教师30,sim_openid_030_839976,2,Q8,8,引水难题未解,中班上学期，幼儿在“引水游戏”中遇到了难题——水无法被引到竹片管道上。他们不断调整竹片拼接的方式，却始终没能成功，即竹片一头高于出水管道，阻碍了引流。渐渐地幼儿的探索兴趣也减弱了，有的开始玩水，有的甚至离开了水池。,示范正确的引水方法，请幼儿注意观察并说说引水的要领，再自己试一试。,加入幼儿的探索，引导他们观察水流受阻的位置，一起尝试调整竹片的摆放方式。,组织幼儿就游戏困难进行讨论，寻找解决问题的方案，引导幼儿再次尝试。,投放更多辅助引水的材料，重新激起幼儿的探索兴趣，继续观察游戏进展。,76.945349,55.813953,80.108527,100.0,45.0,0,首末位摇摆,高修正投入；多次调整；首末位摇摆；优劣方向冲突,A,C/D,教师A：示范正确的引水方法，请幼儿注意观察并说说引水的要领，再自己试一试。,教师C：组织幼儿就游戏困难进行讨论，寻找解决问题的方案，引导幼儿再次尝试。；教师D：投放更多辅助引水的材料，重新激起幼儿的探索兴趣，继续观察游戏进展。,追问后续主要在比较哪些做法、为什么调整；追问最理想或最不理想做法的判断为什么发生变化；追问是否曾把某做法从合适改判为不合适，或相反,未进行时间剔除
教师31,sim_openid_031_118844,1,Q9,9,飞行棋各走各的,大班区域游戏中，轩轩和小宇一起玩飞行棋，他们将棋子摆好后，各自拿了一个骰子开始投，小宇说：“该我走。”轩轩说：“明明该我走！”相持不下，于是两人各拿一个骰子，自顾自地走自己的棋。,耐心讲解共同游戏的规则，再以“棋手”身份加入游戏进行示范引导。,暂不介入，继续观察游戏进展，待区域小结时请幼儿分享游戏中的体验和问题。,拿走一个骰子，请幼儿商量只有一个骰子的共同游戏规则，达成一致后再开始游戏。,待幼儿体验一轮各走各的游戏后，询问幼儿的游戏体验，提示共同游戏规则的作用。,74.414341,13.953488,86.356589,100.0,71.444444,0,首末位摇摆,高修正投入；多次调整；首末位摇摆；优劣方向冲突；路径振荡,A,B/D,教师A：耐心讲解共同游戏的规则，再以“棋手”身份加入游戏进行示范引导。,教师B：暂不介入，继续观察游戏进展，待区域小结时请幼儿分享游戏中的体验和问题。；教师D：待幼儿体验一轮各走各的游戏后，询问幼儿的游戏体验，提示共同游戏规则的作用。,追问后续主要在比较哪些做法、为什么调整；追问最理想或最不理想做法的判断为什么发生变化；追问是否曾把某做法从合适改判为不合适，或相反；追问当时是否在几个判断标准之间反复权衡,未进行时间剔除
教师31,sim_openid_031_118844,2,Q3,3,区域停留短,小班幼儿瑶瑶在区域活动时，一会儿在娃娃家切切菜，一会儿到美工区搓搓橡皮泥，一会儿又开心地跑到其它区域游戏，在任何一个区域停留时间都不超过三分钟。,提议瑶瑶完成某项游戏任务，如在娃娃家做菜，请他活动小结时分享。,游戏前提醒区域活动规则，活动结束后表扬区域游戏规则遵守得好的小朋友。,仔细观察瑶瑶在不同区域的游戏情况，分析他发生迅速转移的原因。,以同伴的身份陪伴瑶瑶在某一区域游戏，待他专注游戏后再离开。,69.296512,23.255814,64.651163,100.0,68.333333,0,首末位摇摆,高修正投入；多次调整；首末位摇摆；优劣方向冲突；路径振荡,A,A/B,教师A：提议瑶瑶完成某项游戏任务，如在娃娃家做菜，请他活动小结时分享。,教师A：提议瑶瑶完成某项游戏任务，如在娃娃家做菜，请他活动小结时分享。；教师B：游戏前提醒区域活动规则，活动结束后表扬区域游戏规则遵守得好的小朋友。,追问后续主要在比较哪些做法、为什么调整；追问最理想或最不理想做法的判断为什么发生变化；追问是否曾把某做法从合适改判为不合适，或相反；追问当时是否在几个判断标准之间反复权衡,未进行时间剔除
教师32,sim_openid_032_852002,1,Q8,8,引水难题未解,中班上学期，幼儿在“引水游戏”中遇到了难题——水无法被引到竹片管道上。他们不断调整竹片拼接的方式，却始终没能成功，即竹片一头高于出水管道，阻碍了引流。渐渐地幼儿的探索兴趣也减弱了，有的开始玩水，有的甚至离开了水池。,示范正确的引水方法，请幼儿注意观察并说说引水的要领，再自己试一试。,加入幼儿的探索，引导他们观察水流受阻的位置，一起尝试调整竹片的摆放方式。,组织幼儿就游戏困难进行讨论，寻找解决问题的方案，引导幼儿再次尝试。,投放更多辅助引水的材料，重新激起幼儿的探索兴趣，继续观察游戏进展。,85.012791,79.069767,72.496124,100.0,83.0,0,首末位摇摆,首反应异常；高修正投入；多次调整；首末位摇摆；路径振荡,D,C/D,教师D：投放更多辅助引水的材料，重新激起幼儿的探索兴趣，继续观察游戏进展。,教师C：组织幼儿就游戏困难进行讨论，寻找解决问题的方案，引导幼儿再次尝试。；教师D：投放更多辅助引水的材料，重新激起幼儿的探索兴趣，继续观察游戏进展。,请教师回忆读到情境后最先注意到什么、是否很快形成判断或感到难判断；追问后续主要在比较哪些做法、为什么调整；追问最理想或最不理想做法的判断为什么发生变化；追问当时是否在几个判断标准之间反复权衡,未进行时间剔除
教师32,sim_openid_032_852002,2,Q10,10,跳绳秩序混乱,周三下午，大五班的幼儿正自发进行跳绳游戏。李老师观察后发现，挤在一起跳绳的幼儿人数较多，整个场面十分混乱，幼儿很容易出现碰撞现象。此外，由于当“柱子”的幼儿很久才能轮上跳绳，因此也显得很不耐烦。,请幼儿暂停游戏，将幼儿分成多个小组并引导他们以小组为单位分区域开展游戏。,请幼儿说一说跳绳活动中存在的问题，并邀请幼儿一起设置跳绳的规则。,提供更多数量和不同种类的跳绳，并言语引导幼儿分组分区同时进行跳绳游戏。,暂不介入，活动分享时通过照片或视频回放引导幼儿发现问题并商议解决办法。,84.068182,75.0,75.060606,100.0,77.0,0,首末位摇摆,首反应异常；高修正投入；多次调整；首末位摇摆；优劣方向冲突；路径振荡,A,A/C,教师A：请幼儿暂停游戏，将幼儿分成多个小组并引导他们以小组为单位分区域开展游戏。,教师A：请幼儿暂停游戏，将幼儿分成多个小组并引导他们以小组为单位分区域开展游戏。；教师C：提供更多数量和不同种类的跳绳，并言语引导幼儿分组分区同时进行跳绳游戏。,请教师回忆读到情境后最先注意到什么、是否很快形成判断或感到难判断；追问后续主要在比较哪些做法、为什么调整；追问最理想或最不理想做法的判断为什么发生变化；追问是否曾把某做法从合适改判为不合适，或相反；追问当时是否在几个判断标准之间反复权衡,未进行时间剔除
教师33,sim_openid_033_569567,1,Q9,9,飞行棋各走各的,大班区域游戏中，轩轩和小宇一起玩飞行棋，他们将棋子摆好后，各自拿了一个骰子开始投，小宇说：“该我走。”轩轩说：“明明该我走！”相持不下，于是两人各拿一个骰子，自顾自地走自己的棋。,耐心讲解共同游戏的规则，再以“棋手”身份加入游戏进行示范引导。,暂不介入，继续观察游戏进展，待区域小结时请幼儿分享游戏中的体验和问题。,拿走一个骰子，请幼儿商量只有一个骰子的共同游戏规则，达成一致后再开始游戏。,待幼儿体验一轮各走各的游戏后，询问幼儿的游戏体验，提示共同游戏规则的作用。,88.935271,88.372093,89.147287,100.0,63.444444,0,首末位摇摆,首反应异常；高修正投入；多次调整；首末位摇摆；路径振荡,C,A/B,教师C：拿走一个骰子，请幼儿商量只有一个骰子的共同游戏规则，达成一致后再开始游戏。,教师A：耐心讲解共同游戏的规则，再以“棋手”身份加入游戏进行示范引导。；教师B：暂不介入，继续观察游戏进展，待区域小结时请幼儿分享游戏中的体验和问题。,请教师回忆读到情境后最先注意到什么、是否很快形成判断或感到难判断；追问后续主要在比较哪些做法、为什么调整；追问最理想或最不理想做法的判断为什么发生变化；追问当时是否在几个判断标准之间反复权衡,未进行时间剔除
教师33,sim_openid_033_569567,2,Q10,10,跳绳秩序混乱,周三下午，大五班的幼儿正自发进行跳绳游戏。李老师观察后发现，挤在一起跳绳的幼儿人数较多，整个场面十分混乱，幼儿很容易出现碰撞现象。此外，由于当“柱子”的幼儿很久才能轮上跳绳，因此也显得很不耐烦。,请幼儿暂停游戏，将幼儿分成多个小组并引导他们以小组为单位分区域开展游戏。,请幼儿说一说跳绳活动中存在的问题，并邀请幼儿一起设置跳绳的规则。,提供更多数量和不同种类的跳绳，并言语引导幼儿分组分区同时进行跳绳游戏。,暂不介入，活动分享时通过照片或视频回放引导幼儿发现问题并商议解决办法。,86.639394,65.909091,91.969697,100.0,72.444444,0,首末位摇摆,首反应异常；高修正投入；多次调整；首末位摇摆；优劣方向冲突；路径振荡,C,C/D,教师C：提供更多数量和不同种类的跳绳，并言语引导幼儿分组分区同时进行跳绳游戏。,教师C：提供更多数量和不同种类的跳绳，并言语引导幼儿分组分区同时进行跳绳游戏。；教师D：暂不介入，活动分享时通过照片或视频回放引导幼儿发现问题并商议解决办法。,请教师回忆读到情境后最先注意到什么、是否很快形成判断或感到难判断；追问后续主要在比较哪些做法、为什么调整；追问最理想或最不理想做法的判断为什么发生变化；追问是否曾把某做法从合适改判为不合适，或相反；追问当时是否在几个判断标准之间反复权衡,未进行时间剔除
教师34,sim_openid_034_769373,1,Q3,3,区域停留短,小班幼儿瑶瑶在区域活动时，一会儿在娃娃家切切菜，一会儿到美工区搓搓橡皮泥，一会儿又开心地跑到其它区域游戏，在任何一个区域停留时间都不超过三分钟。,提议瑶瑶完成某项游戏任务，如在娃娃家做菜，请他活动小结时分享。,游戏前提醒区域活动规则，活动结束后表扬区域游戏规则遵守得好的小朋友。,仔细观察瑶瑶在不同区域的游戏情况，分析他发生迅速转移的原因。,以同伴的身份陪伴瑶瑶在某一区域游戏，待他专注游戏后再离开。,82.590698,88.372093,79.72093,100.0,40.0,0,首末位摇摆,首反应异常；高修正投入；多次调整；首末位摇摆,A,A/B,教师A：提议瑶瑶完成某项游戏任务，如在娃娃家做菜，请他活动小结时分享。,教师A：提议瑶瑶完成某项游戏任务，如在娃娃家做菜，请他活动小结时分享。；教师B：游戏前提醒区域活动规则，活动结束后表扬区域游戏规则遵守得好的小朋友。,请教师回忆读到情境后最先注意到什么、是否很快形成判断或感到难判断；追问后续主要在比较哪些做法、为什么调整；追问最理想或最不理想做法的判断为什么发生变化,未进行时间剔除
教师34,sim_openid_034_769373,2,Q7,7,艾莎公主不运动,小班的一次户外运动，有几个女孩子从一开始就没有选择任何体育活动项目，而是聚在一起坐在地上玩“艾莎公主”的游戏，比一比谁的鞋子最漂亮，谁的魔法最厉害。,询问幼儿没有参与运动的原因，提供丰富的活动材料吸引幼儿参与运动活动。,提醒幼儿现在是运动时间，请他们等自由游戏时间再一起玩“艾莎公主”的游戏。,利用艾莎公主的鞋子设计走、跑、跳等活动，并以参与者的身份邀请幼儿一起参与运动。,肯定幼儿自主游戏的行为，言语引导幼儿穿着“漂亮的鞋子”参与运动。,77.784848,38.636364,94.914141,80.0,90.555556,0,修正投入,高修正投入；多次调整；首末位摇摆；路径振荡,B,B/D,教师B：提醒幼儿现在是运动时间，请他们等自由游戏时间再一起玩“艾莎公主”的游戏。,教师B：提醒幼儿现在是运动时间，请他们等自由游戏时间再一起玩“艾莎公主”的游戏。；教师D：肯定幼儿自主游戏的行为，言语引导幼儿穿着“漂亮的鞋子”参与运动。,追问后续主要在比较哪些做法、为什么调整；追问最理想或最不理想做法的判断为什么发生变化；追问当时是否在几个判断标准之间反复权衡,未进行时间剔除
教师35,sim_openid_035_385846,1,Q5,5,消防员救火开心,近几天，中班的幼儿十分热衷于在区域游戏时间玩“消防员救火”的游戏。游戏结束后的交流活动中，老师问幼儿最想分享什么时，阳阳说“娃娃家着火了，好开心啊！”。,抓住教育契机，向幼儿耐心解释真实的火灾会造成物品损失和人员伤亡。,询问幼儿开心的是“着火”本身，还是消防员成功救火、娃娃家的人得救？,引导幼儿思考“娃娃家着火”值不值得开心，帮助他们认识真实火灾是危险的。,请阳阳讲讲娃娃家着火后发生了什么、为什么开心，借此理解幼儿的游戏体验。,93.142248,83.72093,94.604651,100.0,86.777778,0,首末位摇摆,首反应异常；高修正投入；多次调整；首末位摇摆；优劣方向冲突；路径振荡,D,C/D,教师D：请阳阳讲讲娃娃家着火后发生了什么、为什么开心，借此理解幼儿的游戏体验。,教师C：引导幼儿思考“娃娃家着火”值不值得开心，帮助他们认识真实火灾是危险的。；教师D：请阳阳讲讲娃娃家着火后发生了什么、为什么开心，借此理解幼儿的游戏体验。,请教师回忆读到情境后最先注意到什么、是否很快形成判断或感到难判断；追问后续主要在比较哪些做法、为什么调整；追问最理想或最不理想做法的判断为什么发生变化；追问是否曾把某做法从合适改判为不合适，或相反；追问当时是否在几个判断标准之间反复权衡,未进行时间剔除
教师35,sim_openid_035_385846,2,Q7,7,艾莎公主不运动,小班的一次户外运动，有几个女孩子从一开始就没有选择任何体育活动项目，而是聚在一起坐在地上玩“艾莎公主”的游戏，比一比谁的鞋子最漂亮，谁的魔法最厉害。,询问幼儿没有参与运动的原因，提供丰富的活动材料吸引幼儿参与运动活动。,提醒幼儿现在是运动时间，请他们等自由游戏时间再一起玩“艾莎公主”的游戏。,利用艾莎公主的鞋子设计走、跑、跳等活动，并以参与者的身份邀请幼儿一起参与运动。,肯定幼儿自主游戏的行为，言语引导幼儿穿着“漂亮的鞋子”参与运动。,88.009091,93.181818,81.242424,100.0,66.666667,0,首末位摇摆,首反应异常；高修正投入；多次调整；首末位摇摆；优劣方向冲突；路径振荡,B,C/D,教师B：提醒幼儿现在是运动时间，请他们等自由游戏时间再一起玩“艾莎公主”的游戏。,教师C：利用艾莎公主的鞋子设计走、跑、跳等活动，并以参与者的身份邀请幼儿一起参与运动。；教师D：肯定幼儿自主游戏的行为，言语引导幼儿穿着“漂亮的鞋子”参与运动。,请教师回忆读到情境后最先注意到什么、是否很快形成判断或感到难判断；追问后续主要在比较哪些做法、为什么调整；追问最理想或最不理想做法的判断为什么发生变化；追问是否曾把某做法从合适改判为不合适，或相反；追问当时是否在几个判断标准之间反复权衡,未进行时间剔除
教师36,sim_openid_036_874418,1,Q7,7,艾莎公主不运动,小班的一次户外运动，有几个女孩子从一开始就没有选择任何体育活动项目，而是聚在一起坐在地上玩“艾莎公主”的游戏，比一比谁的鞋子最漂亮，谁的魔法最厉害。,询问幼儿没有参与运动的原因，提供丰富的活动材料吸引幼儿参与运动活动。,提醒幼儿现在是运动时间，请他们等自由游戏时间再一起玩“艾莎公主”的游戏。,利用艾莎公主的鞋子设计走、跑、跳等活动，并以参与者的身份邀请幼儿一起参与运动。,肯定幼儿自主游戏的行为，言语引导幼儿穿着“漂亮的鞋子”参与运动。,86.077273,75.0,79.424242,100.0,81.666667,0,首末位摇摆,首反应异常；高修正投入；多次调整；首末位摇摆；优劣方向冲突；路径振荡,A,A/C,教师A：询问幼儿没有参与运动的原因，提供丰富的活动材料吸引幼儿参与运动活动。,教师A：询问幼儿没有参与运动的原因，提供丰富的活动材料吸引幼儿参与运动活动。；教师C：利用艾莎公主的鞋子设计走、跑、跳等活动，并以参与者的身份邀请幼儿一起参与运动。,请教师回忆读到情境后最先注意到什么、是否很快形成判断或感到难判断；追问后续主要在比较哪些做法、为什么调整；追问最理想或最不理想做法的判断为什么发生变化；追问是否曾把某做法从合适改判为不合适，或相反；追问当时是否在几个判断标准之间反复权衡,未进行时间剔除
教师36,sim_openid_036_874418,2,Q1,1,篮球架玩水,操场上新安装了一些篮球架，幼儿经常在这里投篮。某天户外活动时，几名幼儿带着画笔和水桶来到这里，他们先是快乐地粉刷篮球架，之后开始往篮框里灌水，有的从上面灌，有的在下面接，忙的不亦乐乎，俨然这里成为了玩水的场地。,看到幼儿玩得很开心，不干预他们的玩水行为，待兴趣减弱后再讨论玩水的适宜性。,表扬幼儿的新发现，并询问在篮球架旁玩水是否合适，提议幼儿可以换个地方玩水。,参与到幼儿的“粉刷”游戏中，逐步引导幼儿到适宜玩水的地方继续开展游戏。,提醒幼儿篮球架是用于开展运动的，与其他幼儿一起召唤他们打篮球，转移他们的关注点。,85.66626,82.926829,83.269648,100.0,60.666667,0,首末位摇摆,首反应异常；高修正投入；多次调整；首末位摇摆；路径振荡,A,A/B,教师A：看到幼儿玩得很开心，不干预他们的玩水行为，待兴趣减弱后再讨论玩水的适宜性。,教师A：看到幼儿玩得很开心，不干预他们的玩水行为，待兴趣减弱后再讨论玩水的适宜性。；教师B：表扬幼儿的新发现，并询问在篮球架旁玩水是否合适，提议幼儿可以换个地方玩水。,请教师回忆读到情境后最先注意到什么、是否很快形成判断或感到难判断；追问后续主要在比较哪些做法、为什么调整；追问最理想或最不理想做法的判断为什么发生变化；追问当时是否在几个判断标准之间反复权衡,未进行时间剔除
教师37,sim_openid_037_400000,1,Q3,3,区域停留短,小班幼儿瑶瑶在区域活动时，一会儿在娃娃家切切菜，一会儿到美工区搓搓橡皮泥，一会儿又开心地跑到其它区域游戏，在任何一个区域停留时间都不超过三分钟。,提议瑶瑶完成某项游戏任务，如在娃娃家做菜，请他活动小结时分享。,游戏前提醒区域活动规则，活动结束后表扬区域游戏规则遵守得好的小朋友。,仔细观察瑶瑶在不同区域的游戏情况，分析他发生迅速转移的原因。,以同伴的身份陪伴瑶瑶在某一区域游戏，待他专注游戏后再离开。,89.011628,74.418605,88.093023,100.0,84.666667,0,首末位摇摆,首反应异常；高修正投入；多次调整；首末位摇摆；优劣方向冲突；路径振荡,,A/D,,教师A：提议瑶瑶完成某项游戏任务，如在娃娃家做菜，请他活动小结时分享。；教师D：以同伴的身份陪伴瑶瑶在某一区域游戏，待他专注游戏后再离开。,请教师回忆读到情境后最先注意到什么、是否很快形成判断或感到难判断；追问后续主要在比较哪些做法、为什么调整；追问最理想或最不理想做法的判断为什么发生变化；追问是否曾把某做法从合适改判为不合适，或相反；追问当时是否在几个判断标准之间反复权衡,未进行时间剔除
教师37,sim_openid_037_400000,2,Q8,8,引水难题未解,中班上学期，幼儿在“引水游戏”中遇到了难题——水无法被引到竹片管道上。他们不断调整竹片拼接的方式，却始终没能成功，即竹片一头高于出水管道，阻碍了引流。渐渐地幼儿的探索兴趣也减弱了，有的开始玩水，有的甚至离开了水池。,示范正确的引水方法，请幼儿注意观察并说说引水的要领，再自己试一试。,加入幼儿的探索，引导他们观察水流受阻的位置，一起尝试调整竹片的摆放方式。,组织幼儿就游戏困难进行讨论，寻找解决问题的方案，引导幼儿再次尝试。,投放更多辅助引水的材料，重新激起幼儿的探索兴趣，继续观察游戏进展。,74.234109,23.255814,76.387597,100.0,77.777778,0,首末位摇摆,高修正投入；多次调整；首末位摇摆；路径振荡,D,C/D,教师D：投放更多辅助引水的材料，重新激起幼儿的探索兴趣，继续观察游戏进展。,教师C：组织幼儿就游戏困难进行讨论，寻找解决问题的方案，引导幼儿再次尝试。；教师D：投放更多辅助引水的材料，重新激起幼儿的探索兴趣，继续观察游戏进展。,追问后续主要在比较哪些做法、为什么调整；追问最理想或最不理想做法的判断为什么发生变化；追问当时是否在几个判断标准之间反复权衡,未进行时间剔除
教师38,sim_openid_038_190162,1,Q10,10,跳绳秩序混乱,周三下午，大五班的幼儿正自发进行跳绳游戏。李老师观察后发现，挤在一起跳绳的幼儿人数较多，整个场面十分混乱，幼儿很容易出现碰撞现象。此外，由于当“柱子”的幼儿很久才能轮上跳绳，因此也显得很不耐烦。,请幼儿暂停游戏，将幼儿分成多个小组并引导他们以小组为单位分区域开展游戏。,请幼儿说一说跳绳活动中存在的问题，并邀请幼儿一起设置跳绳的规则。,提供更多数量和不同种类的跳绳，并言语引导幼儿分组分区同时进行跳绳游戏。,暂不介入，活动分享时通过照片或视频回放引导幼儿发现问题并商议解决办法。,69.095455,56.818182,88.939394,50.0,90.333333,0,路径振荡,高修正投入；多次调整；首末位摇摆；路径振荡,C,B/D,教师C：提供更多数量和不同种类的跳绳，并言语引导幼儿分组分区同时进行跳绳游戏。,教师B：请幼儿说一说跳绳活动中存在的问题，并邀请幼儿一起设置跳绳的规则。；教师D：暂不介入，活动分享时通过照片或视频回放引导幼儿发现问题并商议解决办法。,追问后续主要在比较哪些做法、为什么调整；追问最理想或最不理想做法的判断为什么发生变化；追问当时是否在几个判断标准之间反复权衡,未进行时间剔除
教师38,sim_openid_038_190162,2,Q7,7,艾莎公主不运动,小班的一次户外运动，有几个女孩子从一开始就没有选择任何体育活动项目，而是聚在一起坐在地上玩“艾莎公主”的游戏，比一比谁的鞋子最漂亮，谁的魔法最厉害。,询问幼儿没有参与运动的原因，提供丰富的活动材料吸引幼儿参与运动活动。,提醒幼儿现在是运动时间，请他们等自由游戏时间再一起玩“艾莎公主”的游戏。,利用艾莎公主的鞋子设计走、跑、跳等活动，并以参与者的身份邀请幼儿一起参与运动。,肯定幼儿自主游戏的行为，言语引导幼儿穿着“漂亮的鞋子”参与运动。,57.577273,25.0,44.757576,80.0,74.333333,0,首末位摇摆,多次调整；首末位摇摆；路径振荡,C,B/D,教师C：利用艾莎公主的鞋子设计走、跑、跳等活动，并以参与者的身份邀请幼儿一起参与运动。,教师B：提醒幼儿现在是运动时间，请他们等自由游戏时间再一起玩“艾莎公主”的游戏。；教师D：肯定幼儿自主游戏的行为，言语引导幼儿穿着“漂亮的鞋子”参与运动。,追问最理想或最不理想做法的判断为什么发生变化；追问当时是否在几个判断标准之间反复权衡,未进行时间剔除
教师39,sim_openid_039_228153,1,Q2,2,频繁求助,中班区域活动时，小明选择了建构区。玩了一会儿，他跑到老师面前说“老师，我不会搭……帮帮我吧”，教师问他需要什么帮助时，他一边说我不会搭，一边却很快地将房子从一层积木加高到了两层。看小明专注搭建后，老师就离开建构区了。可是没一会，小明又找了老师好几次，说“老师，帮帮我吧，我不会搭”。,鼓励小明独立搭建，引导他思考接下来如何搭建，及时表扬他的努力。,先示范搭建关键部分，请小明观察方法，再鼓励他照着继续搭建。,在旁观察小明的搭建过程，并适时反馈，帮助他理清搭建步骤。,帮小明回顾已搭建完成的部分，指导他设定小目标，尝试自己实现。,87.35,52.5,94.5,100.0,90.0,0,首末位摇摆,高修正投入；多次调整；首末位摇摆；优劣方向冲突；路径振荡,,C/D,,教师C：在旁观察小明的搭建过程，并适时反馈，帮助他理清搭建步骤。；教师D：帮小明回顾已搭建完成的部分，指导他设定小目标，尝试自己实现。,追问后续主要在比较哪些做法、为什么调整；追问最理想或最不理想做法的判断为什么发生变化；追问是否曾把某做法从合适改判为不合适，或相反；追问当时是否在几个判断标准之间反复权衡,未进行时间剔除
教师39,sim_openid_039_228153,2,Q10,10,跳绳秩序混乱,周三下午，大五班的幼儿正自发进行跳绳游戏。李老师观察后发现，挤在一起跳绳的幼儿人数较多，整个场面十分混乱，幼儿很容易出现碰撞现象。此外，由于当“柱子”的幼儿很久才能轮上跳绳，因此也显得很不耐烦。,请幼儿暂停游戏，将幼儿分成多个小组并引导他们以小组为单位分区域开展游戏。,请幼儿说一说跳绳活动中存在的问题，并邀请幼儿一起设置跳绳的规则。,提供更多数量和不同种类的跳绳，并言语引导幼儿分组分区同时进行跳绳游戏。,暂不介入，活动分享时通过照片或视频回放引导幼儿发现问题并商议解决办法。,71.69697,2.272727,78.69697,100.0,84.222222,0,首末位摇摆,高修正投入；多次调整；首末位摇摆；优劣方向冲突；路径振荡,A,A/C,教师A：请幼儿暂停游戏，将幼儿分成多个小组并引导他们以小组为单位分区域开展游戏。,教师A：请幼儿暂停游戏，将幼儿分成多个小组并引导他们以小组为单位分区域开展游戏。；教师C：提供更多数量和不同种类的跳绳，并言语引导幼儿分组分区同时进行跳绳游戏。,追问后续主要在比较哪些做法、为什么调整；追问最理想或最不理想做法的判断为什么发生变化；追问是否曾把某做法从合适改判为不合适，或相反；追问当时是否在几个判断标准之间反复权衡,未进行时间剔除
教师40,sim_openid_040_746434,1,Q2,2,频繁求助,中班区域活动时，小明选择了建构区。玩了一会儿，他跑到老师面前说“老师，我不会搭……帮帮我吧”，教师问他需要什么帮助时，他一边说我不会搭，一边却很快地将房子从一层积木加高到了两层。看小明专注搭建后，老师就离开建构区了。可是没一会，小明又找了老师好几次，说“老师，帮帮我吧，我不会搭”。,鼓励小明独立搭建，引导他思考接下来如何搭建，及时表扬他的努力。,先示范搭建关键部分，请小明观察方法，再鼓励他照着继续搭建。,在旁观察小明的搭建过程，并适时反馈，帮助他理清搭建步骤。,帮小明回顾已搭建完成的部分，指导他设定小目标，尝试自己实现。,88.533333,82.5,79.5,100.0,87.888889,0,首末位摇摆,首反应异常；高修正投入；多次调整；首末位摇摆；优劣方向冲突；路径振荡,A,B/C,教师A：鼓励小明独立搭建，引导他思考接下来如何搭建，及时表扬他的努力。,教师B：先示范搭建关键部分，请小明观察方法，再鼓励他照着继续搭建。；教师C：在旁观察小明的搭建过程，并适时反馈，帮助他理清搭建步骤。,请教师回忆读到情境后最先注意到什么、是否很快形成判断或感到难判断；追问后续主要在比较哪些做法、为什么调整；追问最理想或最不理想做法的判断为什么发生变化；追问是否曾把某做法从合适改判为不合适，或相反；追问当时是否在几个判断标准之间反复权衡,未进行时间剔除
教师40,sim_openid_040_746434,2,Q1,1,篮球架玩水,操场上新安装了一些篮球架，幼儿经常在这里投篮。某天户外活动时，几名幼儿带着画笔和水桶来到这里，他们先是快乐地粉刷篮球架，之后开始往篮框里灌水，有的从上面灌，有的在下面接，忙的不亦乐乎，俨然这里成为了玩水的场地。,看到幼儿玩得很开心，不干预他们的玩水行为，待兴趣减弱后再讨论玩水的适宜性。,表扬幼儿的新发现，并询问在篮球架旁玩水是否合适，提议幼儿可以换个地方玩水。,参与到幼儿的“粉刷”游戏中，逐步引导幼儿到适宜玩水的地方继续开展游戏。,提醒幼儿篮球架是用于开展运动的，与其他幼儿一起召唤他们打篮球，转移他们的关注点。,73.013415,82.926829,52.926829,100.0,37.0,0,首末位摇摆,首反应异常；多次调整；首末位摇摆；优劣方向冲突,A,A/C,教师A：看到幼儿玩得很开心，不干预他们的玩水行为，待兴趣减弱后再讨论玩水的适宜性。,教师A：看到幼儿玩得很开心，不干预他们的玩水行为，待兴趣减弱后再讨论玩水的适宜性。；教师C：参与到幼儿的“粉刷”游戏中，逐步引导幼儿到适宜玩水的地方继续开展游戏。,请教师回忆读到情境后最先注意到什么、是否很快形成判断或感到难判断；追问最理想或最不理想做法的判断为什么发生变化；追问是否曾把某做法从合适改判为不合适，或相反,未进行时间剔除
教师41,sim_openid_041_881030,1,Q2,2,频繁求助,中班区域活动时，小明选择了建构区。玩了一会儿，他跑到老师面前说“老师，我不会搭……帮帮我吧”，教师问他需要什么帮助时，他一边说我不会搭，一边却很快地将房子从一层积木加高到了两层。看小明专注搭建后，老师就离开建构区了。可是没一会，小明又找了老师好几次，说“老师，帮帮我吧，我不会搭”。,鼓励小明独立搭建，引导他思考接下来如何搭建，及时表扬他的努力。,先示范搭建关键部分，请小明观察方法，再鼓励他照着继续搭建。,在旁观察小明的搭建过程，并适时反馈，帮助他理清搭建步骤。,帮小明回顾已搭建完成的部分，指导他设定小目标，尝试自己实现。,73.416667,37.5,67.833333,100.0,70.444444,0,首末位摇摆,高修正投入；多次调整；首末位摇摆；路径振荡,B,A/B,教师B：先示范搭建关键部分，请小明观察方法，再鼓励他照着继续搭建。,教师A：鼓励小明独立搭建，引导他思考接下来如何搭建，及时表扬他的努力。；教师B：先示范搭建关键部分，请小明观察方法，再鼓励他照着继续搭建。,追问后续主要在比较哪些做法、为什么调整；追问最理想或最不理想做法的判断为什么发生变化；追问当时是否在几个判断标准之间反复权衡,未进行时间剔除
教师41,sim_openid_041_881030,2,Q10,10,跳绳秩序混乱,周三下午，大五班的幼儿正自发进行跳绳游戏。李老师观察后发现，挤在一起跳绳的幼儿人数较多，整个场面十分混乱，幼儿很容易出现碰撞现象。此外，由于当“柱子”的幼儿很久才能轮上跳绳，因此也显得很不耐烦。,请幼儿暂停游戏，将幼儿分成多个小组并引导他们以小组为单位分区域开展游戏。,请幼儿说一说跳绳活动中存在的问题，并邀请幼儿一起设置跳绳的规则。,提供更多数量和不同种类的跳绳，并言语引导幼儿分组分区同时进行跳绳游戏。,暂不介入，活动分享时通过照片或视频回放引导幼儿发现问题并商议解决办法。,64.871212,47.727273,55.363636,80.0,71.444444,0,首末位摇摆,多次调整；首末位摇摆；路径振荡,B,A/C,教师B：请幼儿说一说跳绳活动中存在的问题，并邀请幼儿一起设置跳绳的规则。,教师A：请幼儿暂停游戏，将幼儿分成多个小组并引导他们以小组为单位分区域开展游戏。；教师C：提供更多数量和不同种类的跳绳，并言语引导幼儿分组分区同时进行跳绳游戏。,追问最理想或最不理想做法的判断为什么发生变化；追问当时是否在几个判断标准之间反复权衡,未进行时间剔除
教师42,sim_openid_042_480037,1,Q4,4,未参与小组建构,大班建构活动中，睿睿和其他幼儿计划一起搭积木大桥，他们讨论了搭建方法，并进入区域开始搭建。就在其他幼儿在认真搭建时，睿睿发现了一块长条木板，他一会儿在地上推着走，一会儿当枪使，没有再参与小组的搭建。,继续观察，后续分享中支持睿睿思考如何把长条木板融入小组的建构中。,肯定睿睿的创造性玩法，询问他长条板能否当桥面，引导他参与到搭桥任务中。,引导睿睿回顾计划，建议他先完成共同任务，长条木板可以等自由游戏时再玩。,看到睿睿玩得开心，暂不介入，等下一次活动时再提醒他根据计划开展游戏。,90.844444,88.888889,92.0,100.0,69.777778,0,首末位摇摆,首反应异常；高修正投入；多次调整；首末位摇摆；优劣方向冲突；路径振荡,A,B/C,教师A：继续观察，后续分享中支持睿睿思考如何把长条木板融入小组的建构中。,教师B：肯定睿睿的创造性玩法，询问他长条板能否当桥面，引导他参与到搭桥任务中。；教师C：引导睿睿回顾计划，建议他先完成共同任务，长条木板可以等自由游戏时再玩。,请教师回忆读到情境后最先注意到什么、是否很快形成判断或感到难判断；追问后续主要在比较哪些做法、为什么调整；追问最理想或最不理想做法的判断为什么发生变化；追问是否曾把某做法从合适改判为不合适，或相反；追问当时是否在几个判断标准之间反复权衡,未进行时间剔除
教师42,sim_openid_042_480037,2,Q1,1,篮球架玩水,操场上新安装了一些篮球架，幼儿经常在这里投篮。某天户外活动时，几名幼儿带着画笔和水桶来到这里，他们先是快乐地粉刷篮球架，之后开始往篮框里灌水，有的从上面灌，有的在下面接，忙的不亦乐乎，俨然这里成为了玩水的场地。,看到幼儿玩得很开心，不干预他们的玩水行为，待兴趣减弱后再讨论玩水的适宜性。,表扬幼儿的新发现，并询问在篮球架旁玩水是否合适，提议幼儿可以换个地方玩水。,参与到幼儿的“粉刷”游戏中，逐步引导幼儿到适宜玩水的地方继续开展游戏。,提醒幼儿篮球架是用于开展运动的，与其他幼儿一起召唤他们打篮球，转移他们的关注点。,86.994309,58.536585,97.512195,100.0,73.555556,0,首末位摇摆,高修正投入；多次调整；首末位摇摆；优劣方向冲突；路径振荡,A,A/B,教师A：看到幼儿玩得很开心，不干预他们的玩水行为，待兴趣减弱后再讨论玩水的适宜性。,教师A：看到幼儿玩得很开心，不干预他们的玩水行为，待兴趣减弱后再讨论玩水的适宜性。；教师B：表扬幼儿的新发现，并询问在篮球架旁玩水是否合适，提议幼儿可以换个地方玩水。,追问后续主要在比较哪些做法、为什么调整；追问最理想或最不理想做法的判断为什么发生变化；追问是否曾把某做法从合适改判为不合适，或相反；追问当时是否在几个判断标准之间反复权衡,未进行时间剔除
教师43,sim_openid_043_506613,1,Q5,5,消防员救火开心,近几天，中班的幼儿十分热衷于在区域游戏时间玩“消防员救火”的游戏。游戏结束后的交流活动中，老师问幼儿最想分享什么时，阳阳说“娃娃家着火了，好开心啊！”。,抓住教育契机，向幼儿耐心解释真实的火灾会造成物品损失和人员伤亡。,询问幼儿开心的是“着火”本身，还是消防员成功救火、娃娃家的人得救？,引导幼儿思考“娃娃家着火”值不值得开心，帮助他们认识真实火灾是危险的。,请阳阳讲讲娃娃家着火后发生了什么、为什么开心，借此理解幼儿的游戏体验。,95.281783,93.023256,95.534884,100.0,86.777778,0,首末位摇摆,首反应异常；高修正投入；多次调整；首末位摇摆；优劣方向冲突；路径振荡,A,B/C,教师A：抓住教育契机，向幼儿耐心解释真实的火灾会造成物品损失和人员伤亡。,教师B：询问幼儿开心的是“着火”本身，还是消防员成功救火、娃娃家的人得救？；教师C：引导幼儿思考“娃娃家着火”值不值得开心，帮助他们认识真实火灾是危险的。,请教师回忆读到情境后最先注意到什么、是否很快形成判断或感到难判断；追问后续主要在比较哪些做法、为什么调整；追问最理想或最不理想做法的判断为什么发生变化；追问是否曾把某做法从合适改判为不合适，或相反；追问当时是否在几个判断标准之间反复权衡,未进行时间剔除
教师43,sim_openid_043_506613,2,Q9,9,飞行棋各走各的,大班区域游戏中，轩轩和小宇一起玩飞行棋，他们将棋子摆好后，各自拿了一个骰子开始投，小宇说：“该我走。”轩轩说：“明明该我走！”相持不下，于是两人各拿一个骰子，自顾自地走自己的棋。,耐心讲解共同游戏的规则，再以“棋手”身份加入游戏进行示范引导。,暂不介入，继续观察游戏进展，待区域小结时请幼儿分享游戏中的体验和问题。,拿走一个骰子，请幼儿商量只有一个骰子的共同游戏规则，达成一致后再开始游戏。,待幼儿体验一轮各走各的游戏后，询问幼儿的游戏体验，提示共同游戏规则的作用。,91.656977,93.023256,85.674419,100.0,82.333333,0,首末位摇摆,首反应异常；高修正投入；多次调整；首末位摇摆；路径振荡,B,B/C,教师B：暂不介入，继续观察游戏进展，待区域小结时请幼儿分享游戏中的体验和问题。,教师B：暂不介入，继续观察游戏进展，待区域小结时请幼儿分享游戏中的体验和问题。；教师C：拿走一个骰子，请幼儿商量只有一个骰子的共同游戏规则，达成一致后再开始游戏。,请教师回忆读到情境后最先注意到什么、是否很快形成判断或感到难判断；追问后续主要在比较哪些做法、为什么调整；追问最理想或最不理想做法的判断为什么发生变化；追问当时是否在几个判断标准之间反复权衡,未进行时间剔除
教师44,sim_openid_044_185936,1,Q1,1,篮球架玩水,操场上新安装了一些篮球架，幼儿经常在这里投篮。某天户外活动时，几名幼儿带着画笔和水桶来到这里，他们先是快乐地粉刷篮球架，之后开始往篮框里灌水，有的从上面灌，有的在下面接，忙的不亦乐乎，俨然这里成为了玩水的场地。,看到幼儿玩得很开心，不干预他们的玩水行为，待兴趣减弱后再讨论玩水的适宜性。,表扬幼儿的新发现，并询问在篮球架旁玩水是否合适，提议幼儿可以换个地方玩水。,参与到幼儿的“粉刷”游戏中，逐步引导幼儿到适宜玩水的地方继续开展游戏。,提醒幼儿篮球架是用于开展运动的，与其他幼儿一起召唤他们打篮球，转移他们的关注点。,69.208537,68.292683,50.0,100.0,37.0,0,首末位摇摆,首反应异常；多次调整；首末位摇摆；优劣方向冲突,B,A/C,教师B：表扬幼儿的新发现，并询问在篮球架旁玩水是否合适，提议幼儿可以换个地方玩水。,教师A：看到幼儿玩得很开心，不干预他们的玩水行为，待兴趣减弱后再讨论玩水的适宜性。；教师C：参与到幼儿的“粉刷”游戏中，逐步引导幼儿到适宜玩水的地方继续开展游戏。,请教师回忆读到情境后最先注意到什么、是否很快形成判断或感到难判断；追问最理想或最不理想做法的判断为什么发生变化；追问是否曾把某做法从合适改判为不合适，或相反,未进行时间剔除
教师44,sim_openid_044_185936,2,Q6,6,材料选择无层次,大班上学期，张老师在建构区投放了按图搭建的游戏材料，并提供了不同星级难度的任务卡供幼儿选择，但有的幼儿一上来就选择高难度的三星级任务卡，结果不能顺利完成任务；而有的幼儿始终选择低难度的一星级任务卡。这天，浩浩又连续选择了几张一星级任务卡，很快就完成了任务。,调整任务卡提供方式，在游戏开始前根据幼儿的能力水平有针对性地发放任务卡。,暂不介入，尊重幼儿的自主选择和游戏体验，只要完成任务就是一种经验积累。,调整任务卡呈现方式，如增加“我想挑战”等提示，鼓励幼儿选择不同星级的挑战。,和浩浩回顾已完成的任务，比较不同星级的难度，邀请他选择稍有挑战的任务。,60.133333,53.333333,32.222222,100.0,32.0,0,首末位摇摆,多次调整；首末位摇摆；优劣方向冲突,A,B/C,教师A：调整任务卡提供方式，在游戏开始前根据幼儿的能力水平有针对性地发放任务卡。,教师B：暂不介入，尊重幼儿的自主选择和游戏体验，只要完成任务就是一种经验积累。；教师C：调整任务卡呈现方式，如增加“我想挑战”等提示，鼓励幼儿选择不同星级的挑战。,追问最理想或最不理想做法的判断为什么发生变化；追问是否曾把某做法从合适改判为不合适，或相反,未进行时间剔除
教师45,sim_openid_045_327696,1,Q8,8,引水难题未解,中班上学期，幼儿在“引水游戏”中遇到了难题——水无法被引到竹片管道上。他们不断调整竹片拼接的方式，却始终没能成功，即竹片一头高于出水管道，阻碍了引流。渐渐地幼儿的探索兴趣也减弱了，有的开始玩水，有的甚至离开了水池。,示范正确的引水方法，请幼儿注意观察并说说引水的要领，再自己试一试。,加入幼儿的探索，引导他们观察水流受阻的位置，一起尝试调整竹片的摆放方式。,组织幼儿就游戏困难进行讨论，寻找解决问题的方案，引导幼儿再次尝试。,投放更多辅助引水的材料，重新激起幼儿的探索兴趣，继续观察游戏进展。,58.389535,74.418605,13.51938,100.0,29.666667,0,首末位摇摆,首反应异常；首末位摇摆；优劣方向冲突,D,B/C,教师D：投放更多辅助引水的材料，重新激起幼儿的探索兴趣，继续观察游戏进展。,教师B：加入幼儿的探索，引导他们观察水流受阻的位置，一起尝试调整竹片的摆放方式。；教师C：组织幼儿就游戏困难进行讨论，寻找解决问题的方案，引导幼儿再次尝试。,请教师回忆读到情境后最先注意到什么、是否很快形成判断或感到难判断；追问最理想或最不理想做法的判断为什么发生变化；追问是否曾把某做法从合适改判为不合适，或相反,未进行时间剔除
教师45,sim_openid_045_327696,2,Q3,3,区域停留短,小班幼儿瑶瑶在区域活动时，一会儿在娃娃家切切菜，一会儿到美工区搓搓橡皮泥，一会儿又开心地跑到其它区域游戏，在任何一个区域停留时间都不超过三分钟。,提议瑶瑶完成某项游戏任务，如在娃娃家做菜，请他活动小结时分享。,游戏前提醒区域活动规则，活动结束后表扬区域游戏规则遵守得好的小朋友。,仔细观察瑶瑶在不同区域的游戏情况，分析他发生迅速转移的原因。,以同伴的身份陪伴瑶瑶在某一区域游戏，待他专注游戏后再离开。,56.265504,41.860465,33.922481,80.0,64.777778,0,首末位摇摆,多次调整；首末位摇摆；路径振荡,A,B/C,教师A：提议瑶瑶完成某项游戏任务，如在娃娃家做菜，请他活动小结时分享。,教师B：游戏前提醒区域活动规则，活动结束后表扬区域游戏规则遵守得好的小朋友。；教师C：仔细观察瑶瑶在不同区域的游戏情况，分析他发生迅速转移的原因。,追问最理想或最不理想做法的判断为什么发生变化；追问当时是否在几个判断标准之间反复权衡,未进行时间剔除
