_id,answerType,answerTypeLabel,answers,createTime,duration,examCode,examId,examTitle,isQuickTest,isShuffled,kindergartenName,participantName,quickCodeId,quickCodeToken,shuffleMapping,startTime,status,submitTime,totalQuestions,userId,userOpenid,userStartTime,userSubmitTime,答题类型
00000000000000000000000000000001,quick,快速答题,"{""0"": [0, 2, 3, 1], ""1"": [0, 2, 3, 1], ""2"": [0, 3, 1, 2], ""3"": [2, 3, 0, 1], ""4"": [3, 2, 1, 0], ""5"": [3, 1, 2, 0], ""6"": [0, 3, 2, 1], ""7"": [3, 0, 1, 2], ""8"": [0, 1, 2, 3], ""9"": [1, 3, 0, 2]}",2026/7/7 下午4:01:55,323584,QT-SIM-001-4661,00000000000000000000000000000001,游戏的支持与引导情境判断测验 十题,True,False,模拟幼儿园1,教师01,00000000000000000000000000000001,QT-SIM,,2026/7/7 下午4:01:55,completed,2026/7/7 下午4:07:55,10,,sim_openid_001_867882,,2026/7/7 下午4:07:55,快速答题
00000000000000000000000000000002,quick,快速答题,"{""0"": [0, 2, 1, 3], ""1"": [3, 1, 2, 0], ""2"": [0, 3, 2, 1], ""3"": [0, 2, 3, 1], ""4"": [1, 0, 2, 3], ""5"": [3, 1, 2, 0], ""6"": [2, 3, 0, 1], ""7"": [3, 0, 1, 2], ""8"": [0, 1, 3, 2], ""9"": [2, 3, 1, 0]}",2026/7/7 下午4:01:55,393984,QT-SIM-002-4486,00000000000000000000000000000002,游戏的支持与引导情境判断测验 十题,True,False,模拟幼儿园1,教师02,00000000000000000000000000000002,QT-SIM,,2026/7/7 下午4:01:55,completed,2026/7/7 下午4:07:55,10,,sim_openid_002_963914,,2026/7/7 下午4:07:55,快速答题
00000000000000000000000000000003,quick,快速答题,"{""0"": [0, 1, 3, 2], ""1"": [2, 0, 3, 1], ""2"": [1, 0, 2, 3], ""3"": [3, 1, 2, 0], ""4"": [2, 0, 1, 3], ""5"": [3, 2, 0, 1], ""6"": [2, 3, 0, 1], ""7"": [3, 0, 2, 1], ""8"": [3, 1, 2, 0], ""9"": [1, 3, 2, 0]}",2026/7/7 下午4:01:55,360768,QT-SIM-003-4737,00000000000000000000000000000003,游戏的支持与引导情境判断测验 十题,True,False,模拟幼儿园1,教师03,00000000000000000000000000000003,QT-SIM,,2026/7/7 下午4:01:55,completed,2026/7/7 下午4:07:55,10,,sim_openid_003_147733,,2026/7/7 下午4:07:55,快速答题
00000000000000000000000000000004,quick,快速答题,"{""0"": [2, 1, 0, 3], ""1"": [0, 1, 3, 2], ""2"": [3, 2, 1, 0], ""3"": [0, 1, 3, 2], ""4"": [0, 1, 3, 2], ""5"": [3, 0, 1, 2], ""6"": [0, 3, 2, 1], ""7"": [3, 0, 2, 1], ""8"": [3, 2, 1, 0], ""9"": [3, 1, 0, 2]}",2026/7/7 下午4:01:55,389366,QT-SIM-004-4451,00000000000000000000000000000004,游戏的支持与引导情境判断测验 十题,True,False,模拟幼儿园1,教师04,00000000000000000000000000000004,QT-SIM,,2026/7/7 下午4:01:55,completed,2026/7/7 下午4:07:55,10,,sim_openid_004_774211,,2026/7/7 下午4:07:55,快速答题
00000000000000000000000000000005,quick,快速答题,"{""0"": [2, 3, 1, 0], ""1"": [0, 2, 3, 1], ""2"": [0, 2, 3, 1], ""3"": [3, 0, 2, 1], ""4"": [1, 3, 2, 0], ""5"": [0, 3, 2, 1], ""6"": [3, 0, 2, 1], ""7"": [2, 0, 1, 3], ""8"": [0, 2, 1, 3], ""9"": [3, 1, 0, 2]}",2026/7/7 下午4:01:55,407882,QT-SIM-005-9919,00000000000000000000000000000005,游戏的支持与引导情境判断测验 十题,True,False,模拟幼儿园1,教师05,00000000000000000000000000000005,QT-SIM,,2026/7/7 下午4:01:55,completed,2026/7/7 下午4:07:55,10,,sim_openid_005_597917,,2026/7/7 下午4:07:55,快速答题
00000000000000000000000000000006,quick,快速答题,"{""0"": [1, 3, 2, 0], ""1"": [3, 1, 0, 2], ""2"": [0, 2, 3, 1], ""3"": [1, 0, 3, 2], ""4"": [3, 0, 2, 1], ""5"": [1, 2, 0, 3], ""6"": [1, 3, 0, 2], ""7"": [1, 3, 0, 2], ""8"": [0, 3, 2, 1], ""9"": [2, 1, 0, 3]}",2026/7/7 下午4:01:55,219549,QT-SIM-006-7693,00000000000000000000000000000006,游戏的支持与引导情境判断测验 十题,True,False,模拟幼儿园2,教师06,00000000000000000000000000000006,QT-SIM,,2026/7/7 下午4:01:55,completed,2026/7/7 下午4:07:55,10,,sim_openid_006_270790,,2026/7/7 下午4:07:55,快速答题
00000000000000000000000000000007,quick,快速答题,"{""0"": [2, 0, 1, 3], ""1"": [2, 1, 3, 0], ""2"": [2, 3, 0, 1], ""3"": [1, 3, 0, 2], ""4"": [3, 1, 0, 2], ""5"": [3, 1, 0, 2], ""6"": [2, 3, 0, 1], ""7"": [2, 0, 3, 1], ""8"": [3, 2, 1, 0], ""9"": [1, 3, 0, 2]}",2026/7/7 下午4:01:55,382666,QT-SIM-007-2886,00000000000000000000000000000007,游戏的支持与引导情境判断测验 十题,True,False,模拟幼儿园2,教师07,00000000000000000000000000000007,QT-SIM,,2026/7/7 下午4:01:55,completed,2026/7/7 下午4:07:55,10,,sim_openid_007_148978,,2026/7/7 下午4:07:55,快速答题
00000000000000000000000000000008,quick,快速答题,"{""0"": [2, 0, 1, 3], ""1"": [0, 2, 1, 3], ""2"": [1, 2, 0, 3], ""3"": [3, 2, 0, 1], ""4"": [1, 0, 3, 2], ""5"": [1, 2, 3, 0], ""6"": [3, 1, 0, 2], ""7"": [3, 0, 1, 2], ""8"": [3, 0, 2, 1], ""9"": [1, 0, 3, 2]}",2026/7/7 下午4:01:55,353185,QT-SIM-008-3593,00000000000000000000000000000008,游戏的支持与引导情境判断测验 十题,True,False,模拟幼儿园2,教师08,00000000000000000000000000000008,QT-SIM,,2026/7/7 下午4:01:55,completed,2026/7/7 下午4:07:55,10,,sim_openid_008_921296,,2026/7/7 下午4:07:55,快速答题
00000000000000000000000000000009,quick,快速答题,"{""0"": [3, 1, 2, 0], ""1"": [3, 0, 2, 1], ""2"": [3, 0, 2, 1], ""3"": [0, 1, 2, 3], ""4"": [3, 1, 2, 0], ""5"": [2, 0, 3, 1], ""6"": [0, 3, 2, 1], ""7"": [1, 2, 3, 0], ""8"": [0, 1, 3, 2], ""9"": [2, 0, 3, 1]}",2026/7/7 下午4:01:55,508723,QT-SIM-009-6386,00000000000000000000000000000009,游戏的支持与引导情境判断测验 十题,True,False,模拟幼儿园2,教师09,00000000000000000000000000000009,QT-SIM,,2026/7/7 下午4:01:55,completed,2026/7/7 下午4:07:55,10,,sim_openid_009_149687,,2026/7/7 下午4:07:55,快速答题
0000000000000000000000000000000a,quick,快速答题,"{""0"": [2, 1, 0, 3], ""1"": [1, 2, 0, 3], ""2"": [2, 1, 0, 3], ""3"": [1, 2, 3, 0], ""4"": [1, 0, 2, 3], ""5"": [2, 1, 3, 0], ""6"": [2, 3, 0, 1], ""7"": [3, 0, 1, 2], ""8"": [0, 3, 1, 2], ""9"": [1, 3, 2, 0]}",2026/7/7 下午4:01:55,538888,QT-SIM-010-4775,0000000000000000000000000000000a,游戏的支持与引导情境判断测验 十题,True,False,模拟幼儿园2,教师10,0000000000000000000000000000000a,QT-SIM,,2026/7/7 下午4:01:55,completed,2026/7/7 下午4:07:55,10,,sim_openid_010_681499,,2026/7/7 下午4:07:55,快速答题
0000000000000000000000000000000b,quick,快速答题,"{""0"": [0, 2, 1, 3], ""1"": [0, 2, 3, 1], ""2"": [0, 3, 1, 2], ""3"": [1, 3, 0, 2], ""4"": [1, 0, 3, 2], ""5"": [3, 1, 0, 2], ""6"": [2, 0, 3, 1], ""7"": [3, 0, 2, 1], ""8"": [0, 1, 3, 2], ""9"": [1, 3, 0, 2]}",2026/7/7 下午4:01:55,391304,QT-SIM-011-9193,0000000000000000000000000000000b,游戏的支持与引导情境判断测验 十题,True,False,模拟幼儿园3,教师11,0000000000000000000000000000000b,QT-SIM,,2026/7/7 下午4:01:55,completed,2026/7/7 下午4:07:55,10,,sim_openid_011_656566,,2026/7/7 下午4:07:55,快速答题
0000000000000000000000000000000c,quick,快速答题,"{""0"": [0, 1, 3, 2], ""1"": [0, 2, 1, 3], ""2"": [3, 1, 0, 2], ""3"": [0, 1, 2, 3], ""4"": [2, 3, 0, 1], ""5"": [2, 3, 0, 1], ""6"": [3, 0, 2, 1], ""7"": [3, 0, 2, 1], ""8"": [3, 2, 1, 0], ""9"": [2, 0, 1, 3]}",2026/7/7 下午4:01:55,379642,QT-SIM-012-1280,0000000000000000000000000000000c,游戏的支持与引导情境判断测验 十题,True,False,模拟幼儿园3,教师12,0000000000000000000000000000000c,QT-SIM,,2026/7/7 下午4:01:55,completed,2026/7/7 下午4:07:55,10,,sim_openid_012_439268,,2026/7/7 下午4:07:55,快速答题
0000000000000000000000000000000d,quick,快速答题,"{""0"": [1, 0, 2, 3], ""1"": [3, 1, 0, 2], ""2"": [1, 2, 0, 3], ""3"": [0, 3, 2, 1], ""4"": [0, 1, 2, 3], ""5"": [3, 1, 0, 2], ""6"": [3, 0, 2, 1], ""7"": [3, 0, 1, 2], ""8"": [0, 1, 3, 2], ""9"": [3, 0, 1, 2]}",2026/7/7 下午4:01:55,582204,QT-SIM-013-3067,0000000000000000000000000000000d,游戏的支持与引导情境判断测验 十题,True,False,模拟幼儿园3,教师13,0000000000000000000000000000000d,QT-SIM,,2026/7/7 下午4:01:55,completed,2026/7/7 下午4:07:55,10,,sim_openid_013_622833,,2026/7/7 下午4:07:55,快速答题
0000000000000000000000000000000e,quick,快速答题,"{""0"": [3, 1, 2, 0], ""1"": [1, 2, 3, 0], ""2"": [1, 0, 3, 2], ""3"": [1, 2, 3, 0], ""4"": [0, 1, 2, 3], ""5"": [1, 2, 0, 3], ""6"": [0, 3, 2, 1], ""7"": [1, 3, 2, 0], ""8"": [0, 1, 3, 2], ""9"": [0, 1, 3, 2]}",2026/7/7 下午4:01:55,619962,QT-SIM-014-1466,0000000000000000000000000000000e,游戏的支持与引导情境判断测验 十题,True,False,模拟幼儿园3,教师14,0000000000000000000000000000000e,QT-SIM,,2026/7/7 下午4:01:55,completed,2026/7/7 下午4:07:55,10,,sim_openid_014_601439,,2026/7/7 下午4:07:55,快速答题
0000000000000000000000000000000f,quick,快速答题,"{""0"": [2, 3, 0, 1], ""1"": [2, 0, 1, 3], ""2"": [0, 3, 1, 2], ""3"": [3, 0, 1, 2], ""4"": [3, 2, 1, 0], ""5"": [0, 3, 2, 1], ""6"": [0, 2, 1, 3], ""7"": [2, 0, 1, 3], ""8"": [0, 1, 3, 2], ""9"": [2, 3, 1, 0]}",2026/7/7 下午4:01:55,211099,QT-SIM-015-8387,0000000000000000000000000000000f,游戏的支持与引导情境判断测验 十题,True,False,模拟幼儿园3,教师15,0000000000000000000000000000000f,QT-SIM,,2026/7/7 下午4:01:55,completed,2026/7/7 下午4:07:55,10,,sim_openid_015_459012,,2026/7/7 下午4:07:55,快速答题
00000000000000000000000000000010,quick,快速答题,"{""0"": [1, 0, 3, 2], ""1"": [0, 2, 1, 3], ""2"": [0, 2, 1, 3], ""3"": [0, 1, 2, 3], ""4"": [1, 0, 3, 2], ""5"": [3, 0, 1, 2], ""6"": [1, 3, 0, 2], ""7"": [3, 2, 0, 1], ""8"": [0, 1, 3, 2], ""9"": [1, 0, 3, 2]}",2026/7/7 下午4:01:55,354423,QT-SIM-016-1365,00000000000000000000000000000010,游戏的支持与引导情境判断测验 十题,True,False,模拟幼儿园4,教师16,00000000000000000000000000000010,QT-SIM,,2026/7/7 下午4:01:55,completed,2026/7/7 下午4:07:55,10,,sim_openid_016_686881,,2026/7/7 下午4:07:55,快速答题
00000000000000000000000000000011,quick,快速答题,"{""0"": [1, 0, 2, 3], ""1"": [0, 2, 3, 1], ""2"": [0, 1, 2, 3], ""3"": [0, 1, 2, 3], ""4"": [1, 0, 3, 2], ""5"": [1, 2, 3, 0], ""6"": [2, 1, 3, 0], ""7"": [0, 2, 1, 3], ""8"": [1, 2, 3, 0], ""9"": [3, 1, 0, 2]}",2026/7/7 下午4:01:55,533171,QT-SIM-017-2924,00000000000000000000000000000011,游戏的支持与引导情境判断测验 十题,True,False,模拟幼儿园4,教师17,00000000000000000000000000000011,QT-SIM,,2026/7/7 下午4:01:55,completed,2026/7/7 下午4:07:55,10,,sim_openid_017_558366,,2026/7/7 下午4:07:55,快速答题
00000000000000000000000000000012,quick,快速答题,"{""0"": [0, 1, 3, 2], ""1"": [0, 2, 3, 1], ""2"": [1, 0, 2, 3], ""3"": [1, 0, 2, 3], ""4"": [3, 1, 2, 0], ""5"": [3, 1, 2, 0], ""6"": [2, 0, 3, 1], ""7"": [3, 0, 1, 2], ""8"": [2, 0, 3, 1], ""9"": [1, 3, 2, 0]}",2026/7/7 下午4:01:55,658563,QT-SIM-018-6334,00000000000000000000000000000012,游戏的支持与引导情境判断测验 十题,True,False,模拟幼儿园4,教师18,00000000000000000000000000000012,QT-SIM,,2026/7/7 下午4:01:55,completed,2026/7/7 下午4:07:55,10,,sim_openid_018_547359,,2026/7/7 下午4:07:55,快速答题
00000000000000000000000000000013,quick,快速答题,"{""0"": [1, 0, 2, 3], ""1"": [0, 3, 2, 1], ""2"": [0, 1, 2, 3], ""3"": [0, 3, 2, 1], ""4"": [3, 1, 2, 0], ""5"": [3, 1, 0, 2], ""6"": [0, 3, 2, 1], ""7"": [2, 1, 3, 0], ""8"": [3, 2, 0, 1], ""9"": [0, 1, 2, 3]}",2026/7/7 下午4:01:55,479679,QT-SIM-019-3045,00000000000000000000000000000013,游戏的支持与引导情境判断测验 十题,True,False,模拟幼儿园4,教师19,00000000000000000000000000000013,QT-SIM,,2026/7/7 下午4:01:55,completed,2026/7/7 下午4:07:55,10,,sim_openid_019_623976,,2026/7/7 下午4:07:55,快速答题
00000000000000000000000000000014,quick,快速答题,"{""0"": [1, 0, 3, 2], ""1"": [0, 1, 3, 2], ""2"": [1, 2, 0, 3], ""3"": [2, 3, 1, 0], ""4"": [1, 0, 3, 2], ""5"": [3, 2, 1, 0], ""6"": [3, 0, 2, 1], ""7"": [0, 3, 2, 1], ""8"": [0, 1, 2, 3], ""9"": [0, 1, 3, 2]}",2026/7/7 下午4:01:55,314461,QT-SIM-020-5296,00000000000000000000000000000014,游戏的支持与引导情境判断测验 十题,True,False,模拟幼儿园4,教师20,00000000000000000000000000000014,QT-SIM,,2026/7/7 下午4:01:55,completed,2026/7/7 下午4:07:55,10,,sim_openid_020_495370,,2026/7/7 下午4:07:55,快速答题
00000000000000000000000000000015,quick,快速答题,"{""0"": [0, 1, 3, 2], ""1"": [0, 1, 2, 3], ""2"": [3, 0, 1, 2], ""3"": [1, 2, 3, 0], ""4"": [0, 1, 3, 2], ""5"": [3, 0, 2, 1], ""6"": [2, 0, 1, 3], ""7"": [3, 2, 1, 0], ""8"": [1, 3, 2, 0], ""9"": [2, 0, 1, 3]}",2026/7/7 下午4:01:55,483488,QT-SIM-021-4521,00000000000000000000000000000015,游戏的支持与引导情境判断测验 十题,True,False,模拟幼儿园5,教师21,00000000000000000000000000000015,QT-SIM,,2026/7/7 下午4:01:55,completed,2026/7/7 下午4:07:55,10,,sim_openid_021_366613,,2026/7/7 下午4:07:55,快速答题
00000000000000000000000000000016,quick,快速答题,"{""0"": [2, 3, 0, 1], ""1"": [0, 2, 3, 1], ""2"": [1, 2, 0, 3], ""3"": [3, 1, 0, 2], ""4"": [3, 0, 1, 2], ""5"": [0, 1, 3, 2], ""6"": [2, 0, 1, 3], ""7"": [2, 1, 0, 3], ""8"": [0, 1, 3, 2], ""9"": [1, 3, 0, 2]}",2026/7/7 下午4:01:55,338999,QT-SIM-022-2360,00000000000000000000000000000016,游戏的支持与引导情境判断测验 十题,True,False,模拟幼儿园5,教师22,00000000000000000000000000000016,QT-SIM,,2026/7/7 下午4:01:55,completed,2026/7/7 下午4:07:55,10,,sim_openid_022_632137,,2026/7/7 下午4:07:55,快速答题
00000000000000000000000000000017,quick,快速答题,"{""0"": [2, 3, 1, 0], ""1"": [0, 2, 3, 1], ""2"": [3, 1, 0, 2], ""3"": [2, 0, 3, 1], ""4"": [0, 1, 3, 2], ""5"": [3, 2, 1, 0], ""6"": [3, 2, 1, 0], ""7"": [2, 1, 0, 3], ""8"": [0, 1, 3, 2], ""9"": [3, 2, 0, 1]}",2026/7/7 下午4:01:55,405816,QT-SIM-023-7102,00000000000000000000000000000017,游戏的支持与引导情境判断测验 十题,True,False,模拟幼儿园5,教师23,00000000000000000000000000000017,QT-SIM,,2026/7/7 下午4:01:55,completed,2026/7/7 下午4:07:55,10,,sim_openid_023_844087,,2026/7/7 下午4:07:55,快速答题
00000000000000000000000000000018,quick,快速答题,"{""0"": [2, 0, 1, 3], ""1"": [0, 2, 3, 1], ""2"": [2, 1, 0, 3], ""3"": [1, 3, 0, 2], ""4"": [0, 1, 2, 3], ""5"": [1, 0, 3, 2], ""6"": [3, 0, 2, 1], ""7"": [0, 3, 2, 1], ""8"": [3, 2, 1, 0], ""9"": [0, 1, 3, 2]}",2026/7/7 下午4:01:55,387670,QT-SIM-024-5068,00000000000000000000000000000018,游戏的支持与引导情境判断测验 十题,True,False,模拟幼儿园5,教师24,00000000000000000000000000000018,QT-SIM,,2026/7/7 下午4:01:55,completed,2026/7/7 下午4:07:55,10,,sim_openid_024_664191,,2026/7/7 下午4:07:55,快速答题
00000000000000000000000000000019,quick,快速答题,"{""0"": [1, 3, 0, 2], ""1"": [1, 3, 2, 0], ""2"": [2, 1, 0, 3], ""3"": [1, 2, 0, 3], ""4"": [3, 2, 1, 0], ""5"": [1, 3, 0, 2], ""6"": [3, 1, 0, 2], ""7"": [2, 0, 3, 1], ""8"": [2, 3, 0, 1], ""9"": [0, 1, 2, 3]}",2026/7/7 下午4:01:55,342530,QT-SIM-025-7890,00000000000000000000000000000019,游戏的支持与引导情境判断测验 十题,True,False,模拟幼儿园5,教师25,00000000000000000000000000000019,QT-SIM,,2026/7/7 下午4:01:55,completed,2026/7/7 下午4:07:55,10,,sim_openid_025_365395,,2026/7/7 下午4:07:55,快速答题
0000000000000000000000000000001a,quick,快速答题,"{""0"": [0, 1, 2, 3], ""1"": [0, 2, 3, 1], ""2"": [0, 3, 1, 2], ""3"": [1, 3, 0, 2], ""4"": [0, 1, 2, 3], ""5"": [2, 1, 3, 0], ""6"": [0, 2, 3, 1], ""7"": [3, 0, 2, 1], ""8"": [3, 2, 1, 0], ""9"": [1, 0, 3, 2]}",2026/7/7 下午4:01:55,376634,QT-SIM-026-8445,0000000000000000000000000000001a,游戏的支持与引导情境判断测验 十题,True,False,模拟幼儿园6,教师26,0000000000000000000000000000001a,QT-SIM,,2026/7/7 下午4:01:55,completed,2026/7/7 下午4:07:55,10,,sim_openid_026_708122,,2026/7/7 下午4:07:55,快速答题
0000000000000000000000000000001b,quick,快速答题,"{""0"": [0, 2, 1, 3], ""1"": [2, 0, 3, 1], ""2"": [1, 3, 0, 2], ""3"": [3, 1, 0, 2], ""4"": [1, 0, 3, 2], ""5"": [3, 2, 1, 0], ""6"": [2, 0, 3, 1], ""7"": [3, 0, 2, 1], ""8"": [3, 2, 0, 1], ""9"": [0, 1, 2, 3]}",2026/7/7 下午4:01:55,341450,QT-SIM-027-7392,0000000000000000000000000000001b,游戏的支持与引导情境判断测验 十题,True,False,模拟幼儿园6,教师27,0000000000000000000000000000001b,QT-SIM,,2026/7/7 下午4:01:55,completed,2026/7/7 下午4:07:55,10,,sim_openid_027_120869,,2026/7/7 下午4:07:55,快速答题
0000000000000000000000000000001c,quick,快速答题,"{""0"": [1, 2, 3, 0], ""1"": [3, 2, 1, 0], ""2"": [1, 2, 0, 3], ""3"": [2, 3, 0, 1], ""4"": [0, 1, 2, 3], ""5"": [3, 0, 1, 2], ""6"": [2, 3, 0, 1], ""7"": [3, 0, 2, 1], ""8"": [3, 1, 2, 0], ""9"": [1, 3, 0, 2]}",2026/7/7 下午4:01:55,335370,QT-SIM-028-5042,0000000000000000000000000000001c,游戏的支持与引导情境判断测验 十题,True,False,模拟幼儿园6,教师28,0000000000000000000000000000001c,QT-SIM,,2026/7/7 下午4:01:55,completed,2026/7/7 下午4:07:55,10,,sim_openid_028_602925,,2026/7/7 下午4:07:55,快速答题
0000000000000000000000000000001d,quick,快速答题,"{""0"": [2, 1, 3, 0], ""1"": [2, 0, 3, 1], ""2"": [3, 0, 1, 2], ""3"": [2, 3, 1, 0], ""4"": [0, 2, 1, 3], ""5"": [3, 1, 0, 2], ""6"": [0, 1, 2, 3], ""7"": [2, 3, 1, 0], ""8"": [1, 3, 0, 2], ""9"": [1, 3, 0, 2]}",2026/7/7 下午4:01:55,330688,QT-SIM-029-2375,0000000000000000000000000000001d,游戏的支持与引导情境判断测验 十题,True,False,模拟幼儿园6,教师29,0000000000000000000000000000001d,QT-SIM,,2026/7/7 下午4:01:55,completed,2026/7/7 下午4:07:55,10,,sim_openid_029_918357,,2026/7/7 下午4:07:55,快速答题
0000000000000000000000000000001e,quick,快速答题,"{""0"": [2, 1, 0, 3], ""1"": [0, 1, 3, 2], ""2"": [3, 1, 0, 2], ""3"": [1, 3, 2, 0], ""4"": [1, 3, 0, 2], ""5"": [3, 1, 0, 2], ""6"": [1, 3, 0, 2], ""7"": [1, 3, 2, 0], ""8"": [0, 1, 3, 2], ""9"": [3, 1, 0, 2]}",2026/7/7 下午4:01:55,381876,QT-SIM-030-4202,0000000000000000000000000000001e,游戏的支持与引导情境判断测验 十题,True,False,模拟幼儿园6,教师30,0000000000000000000000000000001e,QT-SIM,,2026/7/7 下午4:01:55,completed,2026/7/7 下午4:07:55,10,,sim_openid_030_839976,,2026/7/7 下午4:07:55,快速答题
0000000000000000000000000000001f,quick,快速答题,"{""0"": [0, 1, 3, 2], ""1"": [0, 2, 1, 3], ""2"": [2, 3, 0, 1], ""3"": [1, 2, 3, 0], ""4"": [0, 2, 3, 1], ""5"": [2, 1, 0, 3], ""6"": [0, 3, 2, 1], ""7"": [3, 0, 2, 1], ""8"": [1, 3, 0, 2], ""9"": [2, 0, 1, 3]}",2026/7/7 下午4:01:55,385402,QT-SIM-031-6956,0000000000000000000000000000001f,游戏的支持与引导情境判断测验 十题,True,False,模拟幼儿园7,教师31,0000000000000000000000000000001f,QT-SIM,,2026/7/7 下午4:01:55,completed,2026/7/7 下午4:07:55,10,,sim_openid_031_118844,,2026/7/7 下午4:07:55,快速答题
00000000000000000000000000000020,quick,快速答题,"{""0"": [1, 2, 3, 0], ""1"": [1, 0, 3, 2], ""2"": [3, 0, 1, 2], ""3"": [0, 2, 1, 3], ""4"": [1, 0, 3, 2], ""5"": [1, 3, 2, 0], ""6"": [1, 2, 3, 0], ""7"": [3, 2, 0, 1], ""8"": [1, 3, 0, 2], ""9"": [3, 2, 1, 0]}",2026/7/7 下午4:01:55,435043,QT-SIM-032-5781,00000000000000000000000000000020,游戏的支持与引导情境判断测验 十题,True,False,模拟幼儿园7,教师32,00000000000000000000000000000020,QT-SIM,,2026/7/7 下午4:01:55,completed,2026/7/7 下午4:07:55,10,,sim_openid_032_852002,,2026/7/7 下午4:07:55,快速答题
00000000000000000000000000000021,quick,快速答题,"{""0"": [2, 1, 0, 3], ""1"": [2, 3, 0, 1], ""2"": [0, 1, 2, 3], ""3"": [2, 0, 1, 3], ""4"": [2, 3, 1, 0], ""5"": [3, 0, 2, 1], ""6"": [3, 0, 2, 1], ""7"": [3, 0, 2, 1], ""8"": [0, 1, 3, 2], ""9"": [0, 1, 3, 2]}",2026/7/7 下午4:01:55,545847,QT-SIM-033-5121,00000000000000000000000000000021,游戏的支持与引导情境判断测验 十题,True,False,模拟幼儿园7,教师33,00000000000000000000000000000021,QT-SIM,,2026/7/7 下午4:01:55,completed,2026/7/7 下午4:07:55,10,,sim_openid_033_569567,,2026/7/7 下午4:07:55,快速答题
00000000000000000000000000000022,quick,快速答题,"{""0"": [1, 3, 2, 0], ""1"": [3, 0, 1, 2], ""2"": [2, 3, 1, 0], ""3"": [2, 1, 3, 0], ""4"": [0, 1, 2, 3], ""5"": [3, 2, 1, 0], ""6"": [2, 0, 3, 1], ""7"": [2, 0, 1, 3], ""8"": [3, 2, 1, 0], ""9"": [1, 3, 0, 2]}",2026/7/7 下午4:01:55,337990,QT-SIM-034-6990,00000000000000000000000000000022,游戏的支持与引导情境判断测验 十题,True,False,模拟幼儿园7,教师34,00000000000000000000000000000022,QT-SIM,,2026/7/7 下午4:01:55,completed,2026/7/7 下午4:07:55,10,,sim_openid_034_769373,,2026/7/7 下午4:07:55,快速答题
00000000000000000000000000000023,quick,快速答题,"{""0"": [3, 1, 2, 0], ""1"": [0, 2, 1, 3], ""2"": [1, 3, 0, 2], ""3"": [0, 1, 2, 3], ""4"": [3, 2, 0, 1], ""5"": [0, 3, 2, 1], ""6"": [0, 3, 2, 1], ""7"": [3, 2, 0, 1], ""8"": [3, 2, 1, 0], ""9"": [1, 0, 3, 2]}",2026/7/7 下午4:01:55,595999,QT-SIM-035-8147,00000000000000000000000000000023,游戏的支持与引导情境判断测验 十题,True,False,模拟幼儿园7,教师35,00000000000000000000000000000023,QT-SIM,,2026/7/7 下午4:01:55,completed,2026/7/7 下午4:07:55,10,,sim_openid_035_385846,,2026/7/7 下午4:07:55,快速答题
00000000000000000000000000000024,quick,快速答题,"{""0"": [2, 1, 0, 3], ""1"": [3, 0, 2, 1], ""2"": [2, 0, 3, 1], ""3"": [3, 0, 2, 1], ""4"": [1, 3, 2, 0], ""5"": [2, 3, 0, 1], ""6"": [1, 0, 2, 3], ""7"": [0, 2, 1, 3], ""8"": [0, 3, 1, 2], ""9"": [1, 0, 2, 3]}",2026/7/7 下午4:01:55,532299,QT-SIM-036-4848,00000000000000000000000000000024,游戏的支持与引导情境判断测验 十题,True,False,模拟幼儿园8,教师36,00000000000000000000000000000024,QT-SIM,,2026/7/7 下午4:01:55,completed,2026/7/7 下午4:07:55,10,,sim_openid_036_874418,,2026/7/7 下午4:07:55,快速答题
00000000000000000000000000000025,quick,快速答题,"{""0"": [0, 1, 2, 3], ""1"": [2, 0, 3, 1], ""2"": [0, 1, 2, 3], ""3"": [2, 3, 1, 0], ""4"": [3, 2, 1, 0], ""5"": [1, 3, 2, 0], ""6"": [2, 0, 3, 1], ""7"": [3, 0, 2, 1], ""8"": [3, 2, 1, 0], ""9"": [2, 1, 0, 3]}",2026/7/7 下午4:01:55,394727,QT-SIM-037-6364,00000000000000000000000000000025,游戏的支持与引导情境判断测验 十题,True,False,模拟幼儿园8,教师37,00000000000000000000000000000025,QT-SIM,,2026/7/7 下午4:01:55,completed,2026/7/7 下午4:07:55,10,,sim_openid_037_400000,,2026/7/7 下午4:07:55,快速答题
00000000000000000000000000000026,quick,快速答题,"{""0"": [0, 1, 3, 2], ""1"": [3, 1, 0, 2], ""2"": [0, 1, 2, 3], ""3"": [0, 2, 1, 3], ""4"": [0, 1, 2, 3], ""5"": [2, 1, 0, 3], ""6"": [2, 0, 1, 3], ""7"": [0, 2, 1, 3], ""8"": [0, 1, 3, 2], ""9"": [0, 1, 3, 2]}",2026/7/7 下午4:01:55,310383,QT-SIM-038-7365,00000000000000000000000000000026,游戏的支持与引导情境判断测验 十题,True,False,模拟幼儿园8,教师38,00000000000000000000000000000026,QT-SIM,,2026/7/7 下午4:01:55,completed,2026/7/7 下午4:07:55,10,,sim_openid_038_190162,,2026/7/7 下午4:07:55,快速答题
00000000000000000000000000000027,quick,快速答题,"{""0"": [0, 1, 3, 2], ""1"": [0, 1, 2, 3], ""2"": [1, 0, 3, 2], ""3"": [1, 2, 0, 3], ""4"": [0, 2, 3, 1], ""5"": [2, 1, 0, 3], ""6"": [0, 1, 2, 3], ""7"": [0, 3, 1, 2], ""8"": [3, 0, 1, 2], ""9"": [1, 2, 3, 0]}",2026/7/7 下午4:01:55,351083,QT-SIM-039-1593,00000000000000000000000000000027,游戏的支持与引导情境判断测验 十题,True,False,模拟幼儿园8,教师39,00000000000000000000000000000027,QT-SIM,,2026/7/7 下午4:01:55,completed,2026/7/7 下午4:07:55,10,,sim_openid_039_228153,,2026/7/7 下午4:07:55,快速答题
00000000000000000000000000000028,quick,快速答题,"{""0"": [2, 3, 0, 1], ""1"": [3, 1, 2, 0], ""2"": [1, 3, 2, 0], ""3"": [3, 2, 1, 0], ""4"": [0, 1, 2, 3], ""5"": [1, 2, 3, 0], ""6"": [0, 3, 2, 1], ""7"": [2, 3, 1, 0], ""8"": [2, 0, 3, 1], ""9"": [2, 1, 3, 0]}",2026/7/7 下午4:01:55,377316,QT-SIM-040-3458,00000000000000000000000000000028,游戏的支持与引导情境判断测验 十题,True,False,模拟幼儿园8,教师40,00000000000000000000000000000028,QT-SIM,,2026/7/7 下午4:01:55,completed,2026/7/7 下午4:07:55,10,,sim_openid_040_746434,,2026/7/7 下午4:07:55,快速答题
00000000000000000000000000000029,quick,快速答题,"{""0"": [0, 3, 2, 1], ""1"": [0, 2, 3, 1], ""2"": [0, 2, 1, 3], ""3"": [0, 2, 3, 1], ""4"": [3, 2, 1, 0], ""5"": [0, 1, 3, 2], ""6"": [2, 0, 3, 1], ""7"": [2, 1, 0, 3], ""8"": [0, 1, 3, 2], ""9"": [2, 0, 3, 1]}",2026/7/7 下午4:01:55,326865,QT-SIM-041-6383,00000000000000000000000000000029,游戏的支持与引导情境判断测验 十题,True,False,模拟幼儿园9,教师41,00000000000000000000000000000029,QT-SIM,,2026/7/7 下午4:01:55,completed,2026/7/7 下午4:07:55,10,,sim_openid_041_881030,,2026/7/7 下午4:07:55,快速答题
0000000000000000000000000000002a,quick,快速答题,"{""0"": [1, 0, 3, 2], ""1"": [0, 2, 3, 1], ""2"": [2, 0, 3, 1], ""3"": [3, 1, 2, 0], ""4"": [0, 2, 3, 1], ""5"": [1, 2, 0, 3], ""6"": [1, 2, 3, 0], ""7"": [3, 0, 2, 1], ""8"": [0, 1, 3, 2], ""9"": [2, 0, 3, 1]}",2026/7/7 下午4:01:55,566297,QT-SIM-042-4743,0000000000000000000000000000002a,游戏的支持与引导情境判断测验 十题,True,False,模拟幼儿园9,教师42,0000000000000000000000000000002a,QT-SIM,,2026/7/7 下午4:01:55,completed,2026/7/7 下午4:07:55,10,,sim_openid_042_480037,,2026/7/7 下午4:07:55,快速答题
0000000000000000000000000000002b,quick,快速答题,"{""0"": [1, 3, 0, 2], ""1"": [0, 2, 3, 1], ""2"": [2, 0, 1, 3], ""3"": [0, 2, 1, 3], ""4"": [1, 0, 2, 3], ""5"": [2, 1, 3, 0], ""6"": [0, 3, 1, 2], ""7"": [2, 1, 0, 3], ""8"": [0, 2, 1, 3], ""9"": [2, 3, 0, 1]}",2026/7/7 下午4:01:55,617120,QT-SIM-043-8748,0000000000000000000000000000002b,游戏的支持与引导情境判断测验 十题,True,False,模拟幼儿园9,教师43,0000000000000000000000000000002b,QT-SIM,,2026/7/7 下午4:01:55,completed,2026/7/7 下午4:07:55,10,,sim_openid_043_506613,,2026/7/7 下午4:07:55,快速答题
0000000000000000000000000000002c,quick,快速答题,"{""0"": [0, 2, 3, 1], ""1"": [0, 2, 3, 1], ""2"": [3, 1, 0, 2], ""3"": [3, 2, 0, 1], ""4"": [1, 2, 0, 3], ""5"": [3, 2, 1, 0], ""6"": [0, 3, 2, 1], ""7"": [1, 0, 3, 2], ""8"": [2, 3, 0, 1], ""9"": [3, 1, 2, 0]}",2026/7/7 下午4:01:55,345163,QT-SIM-044-4592,0000000000000000000000000000002c,游戏的支持与引导情境判断测验 十题,True,False,模拟幼儿园9,教师44,0000000000000000000000000000002c,QT-SIM,,2026/7/7 下午4:01:55,completed,2026/7/7 下午4:07:55,10,,sim_openid_044_185936,,2026/7/7 下午4:07:55,快速答题
0000000000000000000000000000002d,quick,快速答题,"{""0"": [2, 0, 3, 1], ""1"": [1, 0, 2, 3], ""2"": [2, 1, 3, 0], ""3"": [0, 2, 3, 1], ""4"": [2, 0, 1, 3], ""5"": [3, 2, 0, 1], ""6"": [1, 0, 3, 2], ""7"": [3, 0, 2, 1], ""8"": [1, 3, 0, 2], ""9"": [0, 3, 1, 2]}",2026/7/7 下午4:01:55,207692,QT-SIM-045-4020,0000000000000000000000000000002d,游戏的支持与引导情境判断测验 十题,True,False,模拟幼儿园9,教师45,0000000000000000000000000000002d,QT-SIM,,2026/7/7 下午4:01:55,completed,2026/7/7 下午4:07:55,10,,sim_openid_045_327696,,2026/7/7 下午4:07:55,快速答题
